transaction_id,date,customer_name,product_id,price,discount_percentage,rating,nett_sales,persentase_gross_laba,nett_profit,branch_id,branch_name,kota,provinsi,rating_cabang,product_name
TRX2491745,5/16/2023,Melinda Martinez,KF943,5500,0.09,3.2,5005,0.1,5.5,12802,Kimia Farma - Apotek,Garut,Jawa Barat,4.1,"Other analgesics and antipyretics, Salicylic acid and derivatives"
TRX1036777,3/2/2022,Kenneth Parsons,KF943,5500,0.09,3.6,5005,0.1,5.5,88319,Kimia Farma - Apotek,Sibolga,Sumatera Utara,4.8,"Other analgesics and antipyretics, Salicylic acid and derivatives"
TRX3715296,9/10/2020,Harold Lopez,KF943,5500,0.09,3.1,5005,0.1,5.5,16339,Kimia Farma - Apotek,Subang,Jawa Barat,4.7,"Other analgesics and antipyretics, Salicylic acid and derivatives"
TRX7454265,7/14/2020,Chloe Benson,KF943,5500,0.09,3.8,5005,0.1,5.5,30242,Kimia Farma - Apotek,Tarakan,Kalimantan Utara,4.5,"Other analgesics and antipyretics, Salicylic acid and derivatives"
TRX5172713,12/13/2022,Amy Hall,KF943,5500,0.09,3.8,5005,0.1,5.5,61007,Kimia Farma - Apotek,Purwakarta,Jawa Barat,4,"Other analgesics and antipyretics, Salicylic acid and derivatives"
TRX7419883,3/29/2021,Hector Nelson,KF943,5500,0.09,3.2,5005,0.1,5.5,94051,Kimia Farma - Apotek,Gorontalo,Gorontalo,4.9,"Other analgesics and antipyretics, Salicylic acid and derivatives"
TRX2225638,8/11/2022,Joshua Rogers,KF943,5500,0.09,4.4,5005,0.1,5.5,59220,Kimia Farma - Apotek,Purwokerto,Jawa Tengah,4.2,"Other analgesics and antipyretics, Salicylic acid and derivatives"
TRX8834317,11/12/2020,Paul Weeks,KF943,5500,0.09,3.2,5005,0.1,5.5,42273,Kimia Farma - Apotek,Ternate,Maluku Utara,4.2,"Other analgesics and antipyretics, Salicylic acid and derivatives"
TRX6835889,7/6/2022,Susan Mclaughlin,KF943,5500,0.09,4.1,5005,0.1,5.5,42922,Kimia Farma - Apotek,Palangkaraya,Kalimantan Tengah,4.1,"Other analgesics and antipyretics, Salicylic acid and derivatives"
TRX8782889,11/8/2023,Alicia Randall,KF943,5500,0.09,3.2,5005,0.1,5.5,90334,Kimia Farma - Apotek,Yogyakarta,DI Yogyakarta,4.4,"Other analgesics and antipyretics, Salicylic acid and derivatives"
TRX8398719,5/16/2021,Duane Curtis,KF943,5500,0.09,3.5,5005,0.1,5.5,70739,Kimia Farma - Apotek,Ciamis,Jawa Barat,4.2,"Other analgesics and antipyretics, Salicylic acid and derivatives"
TRX7946089,11/3/2020,Carlos Flores,KF943,5500,0.09,3.6,5005,0.1,5.5,39527,Kimia Farma - Apotek,Banjarmasin,Kalimantan Selatan,4.6,"Other analgesics and antipyretics, Salicylic acid and derivatives"
TRX6751827,11/17/2023,Lauren Campbell,KF943,5500,0.09,4.2,5005,0.1,5.5,68942,Kimia Farma - Apotek,Ciamis,Jawa Barat,4.8,"Other analgesics and antipyretics, Salicylic acid and derivatives"
TRX2824530,5/11/2022,Anne Tucker,KF943,5500,0.09,4.3,5005,0.1,5.5,85216,Kimia Farma - Apotek,Purwakarta,Jawa Barat,4,"Other analgesics and antipyretics, Salicylic acid and derivatives"
TRX9356827,5/11/2022,Megan Page,KF943,5500,0.09,4.2,5005,0.1,5.5,49726,Kimia Farma - Apotek,Jayapura,Papua,4.9,"Other analgesics and antipyretics, Salicylic acid and derivatives"
TRX2384873,7/31/2021,Jeffrey Santos,KF943,5500,0.09,4.8,5005,0.1,5.5,27076,Kimia Farma - Apotek,Tanjungpinang,Kepulauan Riau,4.3,"Other analgesics and antipyretics, Salicylic acid and derivatives"
TRX2208988,10/25/2021,Kimberly Taylor,KF943,5500,0.09,4.5,5005,0.1,5.5,98581,Kimia Farma - Apotek,Subang,Jawa Barat,4.5,"Other analgesics and antipyretics, Salicylic acid and derivatives"
TRX1004362,7/24/2020,Jerome Shah,KF943,5500,0.09,3.2,5005,0.1,5.5,85716,Kimia Farma - Apotek,Malang,Jawa Timur,5,"Other analgesics and antipyretics, Salicylic acid and derivatives"
TRX1331711,8/27/2022,Peter Davis MD,KF943,5500,0.09,3.8,5005,0.1,5.5,23248,Kimia Farma - Apotek,Bima,Nusa Tenggara Barat,4.1,"Other analgesics and antipyretics, Salicylic acid and derivatives"
TRX3517238,10/24/2023,Ronald Dean,KF943,5500,0.09,3.7,5005,0.1,5.5,90206,Kimia Farma - Apotek,Kotamobagu,Sulawesi Utara,4.7,"Other analgesics and antipyretics, Salicylic acid and derivatives"
TRX8785794,3/22/2021,Erik Gilmore,KF943,5500,0.09,3.5,5005,0.1,5.5,92076,Kimia Farma - Apotek,Batam,Kepulauan Riau,4,"Other analgesics and antipyretics, Salicylic acid and derivatives"
TRX4062812,5/30/2023,Dustin Turner,KF943,5500,0.09,4,5005,0.1,5.5,43007,Kimia Farma - Apotek,Ciamis,Jawa Barat,4,"Other analgesics and antipyretics, Salicylic acid and derivatives"
TRX8464040,9/20/2023,Nicole Chandler,KF943,5500,0.09,3.1,5005,0.1,5.5,47344,Kimia Farma - Apotek,Tanjungpinang,Kepulauan Riau,4.9,"Other analgesics and antipyretics, Salicylic acid and derivatives"
TRX2285398,1/23/2021,Raymond Mathews,KF943,5500,0.09,3.1,5005,0.1,5.5,63863,Kimia Farma - Apotek,Subang,Jawa Barat,4.7,"Other analgesics and antipyretics, Salicylic acid and derivatives"
TRX1490082,7/15/2023,Brandon Shaw,KF943,5500,0.09,4.9,5005,0.1,5.5,75909,Kimia Farma - Apotek,Yogyakarta,DI Yogyakarta,4.2,"Other analgesics and antipyretics, Salicylic acid and derivatives"
TRX2503274,7/13/2021,John Wagner,KF943,5500,0.09,4.5,5005,0.1,5.5,49833,Kimia Farma - Apotek,Pekanbaru,Riau,4.2,"Other analgesics and antipyretics, Salicylic acid and derivatives"
TRX6557348,4/1/2023,Alicia Benton,KF943,5500,0.09,4,5005,0.1,5.5,40255,Kimia Farma - Apotek,Subang,Jawa Barat,4,"Other analgesics and antipyretics, Salicylic acid and derivatives"
TRX5607408,9/12/2020,Keith Ortiz,KF943,5500,0.09,3.6,5005,0.1,5.5,62707,Kimia Farma - Apotek,Mataram,Nusa Tenggara Barat,5,"Other analgesics and antipyretics, Salicylic acid and derivatives"
TRX1333811,5/6/2023,Matthew Evans,KF943,5500,0.09,3.3,5005,0.1,5.5,89507,Kimia Farma - Apotek,Bitung,Sulawesi Utara,4.2,"Other analgesics and antipyretics, Salicylic acid and derivatives"
TRX5671890,12/8/2020,Regina Olson,KF943,5500,0.09,3.1,5005,0.1,5.5,82894,Kimia Farma - Apotek,Tomohon,Sulawesi Utara,4.5,"Other analgesics and antipyretics, Salicylic acid and derivatives"
TRX5108930,10/24/2021,Linda Cordova,KF943,5500,0.09,4,5005,0.1,5.5,26025,Kimia Farma - Apotek,Kotamobagu,Sulawesi Utara,4.8,"Other analgesics and antipyretics, Salicylic acid and derivatives"
TRX9138908,4/20/2020,Susan Bates,KF943,5500,0.09,3.6,5005,0.1,5.5,28718,Kimia Farma - Apotek,Bogor,Jawa Barat,4.1,"Other analgesics and antipyretics, Salicylic acid and derivatives"
TRX2767665,10/28/2020,Travis Freeman,KF943,5500,0.09,4.8,5005,0.1,5.5,43614,Kimia Farma - Apotek,Cikampek,Jawa Barat,4.5,"Other analgesics and antipyretics, Salicylic acid and derivatives"
TRX9332369,3/4/2023,Henry Barr,KF943,5500,0.09,4.1,5005,0.1,5.5,81008,Kimia Farma - Apotek,Cilacap,Jawa Tengah,4.8,"Other analgesics and antipyretics, Salicylic acid and derivatives"
TRX5797318,8/31/2022,Ronald Vargas,KF943,5500,0.09,3.4,5005,0.1,5.5,73969,Kimia Farma - Apotek,Deli Serdang,Sumatera Utara,4.1,"Other analgesics and antipyretics, Salicylic acid and derivatives"
TRX1310829,2/29/2020,Sarah Thomas,KF943,5500,0.09,3.1,5005,0.1,5.5,29203,Kimia Farma - Apotek,Tasikmalaya,Jawa Barat,4.3,"Other analgesics and antipyretics, Salicylic acid and derivatives"
TRX2349684,4/3/2021,Craig Adkins,KF943,5500,0.09,4.4,5005,0.1,5.5,29922,Kimia Farma - Apotek,Purwokerto,Jawa Tengah,3.9,"Other analgesics and antipyretics, Salicylic acid and derivatives"
TRX9894228,1/2/2020,Jessica Boyle,KF943,5500,0.09,3.8,5005,0.1,5.5,12406,Kimia Farma - Apotek,Bitung,Sulawesi Utara,4.2,"Other analgesics and antipyretics, Salicylic acid and derivatives"
TRX3761013,12/28/2022,Barbara Stevens,KF943,5500,0.09,4.1,5005,0.1,5.5,66717,Kimia Farma - Apotek,Subang,Jawa Barat,4.2,"Other analgesics and antipyretics, Salicylic acid and derivatives"
TRX4969051,4/8/2020,Richard Reed,KF943,5500,0.09,3.9,5005,0.1,5.5,52020,Kimia Farma - Apotek,Banda Aceh,Aceh,4.4,"Other analgesics and antipyretics, Salicylic acid and derivatives"
TRX8964603,9/28/2023,Kelly Mendoza,KF943,5500,0.09,3.7,5005,0.1,5.5,48667,Kimia Farma - Apotek,Cikampek,Jawa Barat,4.2,"Other analgesics and antipyretics, Salicylic acid and derivatives"
TRX1995487,5/18/2023,Jordan Williams,KF943,5500,0.09,3.6,5005,0.1,5.5,78158,Kimia Farma - Apotek,Palu,Sulawesi Tengah,4.1,"Other analgesics and antipyretics, Salicylic acid and derivatives"
TRX3760357,3/5/2022,Denise West,KF943,5500,0.09,3.4,5005,0.1,5.5,73925,Kimia Farma - Apotek,Gorontalo,Gorontalo,4.6,"Other analgesics and antipyretics, Salicylic acid and derivatives"
TRX1686482,12/23/2021,Aaron Davis,KF943,5500,0.09,3,5005,0.1,5.5,49260,Kimia Farma - Apotek,Ambon,Maluku,4.2,"Other analgesics and antipyretics, Salicylic acid and derivatives"
TRX7799012,5/4/2020,Danielle Diaz,KF943,5500,0.09,4.4,5005,0.1,5.5,47691,Kimia Farma - Apotek,Banjarmasin,Kalimantan Selatan,3.9,"Other analgesics and antipyretics, Salicylic acid and derivatives"
TRX6473757,12/12/2022,Karen Moore,KF943,5500,0.09,3.4,5005,0.1,5.5,68961,Kimia Farma - Apotek,Balikpapan,Kalimantan Timur,4.7,"Other analgesics and antipyretics, Salicylic acid and derivatives"
TRX3791676,8/31/2021,Tracie Terry,KF943,5500,0.09,4.7,5005,0.1,5.5,55995,Kimia Farma - Apotek,Bandung,Jawa Barat,4.3,"Other analgesics and antipyretics, Salicylic acid and derivatives"
TRX4433294,2/10/2023,Natalie Santiago,KF943,5500,0.09,4.5,5005,0.1,5.5,65560,Kimia Farma - Apotek,Balikpapan,Kalimantan Timur,4.7,"Other analgesics and antipyretics, Salicylic acid and derivatives"
TRX9925434,10/26/2021,Taylor Moreno,KF943,5500,0.09,3.6,5005,0.1,5.5,31737,Kimia Farma - Apotek,Mataram,Nusa Tenggara Barat,4.2,"Other analgesics and antipyretics, Salicylic acid and derivatives"
TRX8546006,2/15/2022,John Vega,KF943,5500,0.09,4.2,5005,0.1,5.5,41081,Kimia Farma - Apotek,Pekanbaru,Riau,4.2,"Other analgesics and antipyretics, Salicylic acid and derivatives"
TRX6394392,10/11/2021,Bryan Nolan,KF943,5500,0.09,5,5005,0.1,5.5,94753,Kimia Farma - Apotek,Pontianak,Kalimantan Barat,4.2,"Other analgesics and antipyretics, Salicylic acid and derivatives"
TRX9601576,5/15/2022,Shane Morgan,KF943,5500,0.09,4.6,5005,0.1,5.5,41183,Kimia Farma - Apotek,Gorontalo,Gorontalo,4.8,"Other analgesics and antipyretics, Salicylic acid and derivatives"
TRX9619454,8/22/2022,Sarah Marshall,KF943,5500,0.09,3.8,5005,0.1,5.5,57562,Kimia Farma - Apotek,Probolinggo,Jawa Timur,5,"Other analgesics and antipyretics, Salicylic acid and derivatives"
TRX6446612,1/3/2021,Joseph Dunn,KF943,5500,0.09,4.7,5005,0.1,5.5,34591,Kimia Farma - Apotek,Jayapura,Papua,4.4,"Other analgesics and antipyretics, Salicylic acid and derivatives"
TRX7307851,5/20/2021,Jessica Lewis,KF943,5500,0.09,4.6,5005,0.1,5.5,61194,Kimia Farma - Apotek,Jakarta,DKI Jakarta,4.2,"Other analgesics and antipyretics, Salicylic acid and derivatives"
TRX6216475,8/19/2021,Kathleen Harrison,KF943,5500,0.09,4.6,5005,0.1,5.5,36450,Kimia Farma - Apotek,Indramayu,Jawa Barat,4.5,"Other analgesics and antipyretics, Salicylic acid and derivatives"
TRX7564036,5/20/2021,Kristine Le,KF943,5500,0.09,3.6,5005,0.1,5.5,69548,Kimia Farma - Apotek,Tangerang,Banten,4,"Other analgesics and antipyretics, Salicylic acid and derivatives"
TRX6813096,1/17/2021,Suzanne Gray,KF943,5500,0.09,4.4,5005,0.1,5.5,49403,Kimia Farma - Apotek,Kuningan,Jawa Barat,3.9,"Other analgesics and antipyretics, Salicylic acid and derivatives"
TRX2139597,2/1/2023,Hannah Aguirre,KF943,5500,0.09,4.4,5005,0.1,5.5,98300,Kimia Farma - Apotek,Subang,Jawa Barat,4.9,"Other analgesics and antipyretics, Salicylic acid and derivatives"
TRX9691708,10/10/2020,Daniel Chandler,KF943,5500,0.09,4.2,5005,0.1,5.5,46902,Kimia Farma - Apotek,Cirebon,Jawa Barat,4,"Other analgesics and antipyretics, Salicylic acid and derivatives"
TRX9384287,1/1/2020,Maria Sanders,KF943,5500,0.09,4.5,5005,0.1,5.5,42307,Kimia Farma - Apotek,Dumai,Riau,4.6,"Other analgesics and antipyretics, Salicylic acid and derivatives"
TRX2102671,7/28/2020,Angela Webster,KF943,5500,0.09,3.8,5005,0.1,5.5,93257,Kimia Farma - Apotek,Kotamobagu,Sulawesi Utara,4.6,"Other analgesics and antipyretics, Salicylic acid and derivatives"
TRX9463017,4/19/2022,Troy Ford,KF943,5500,0.09,4.4,5005,0.1,5.5,28422,Kimia Farma - Apotek,Pariaman,Sumatera Barat,3.9,"Other analgesics and antipyretics, Salicylic acid and derivatives"
TRX6842948,2/17/2023,Kimberly Gilbert,KF943,5500,0.09,4.6,5005,0.1,5.5,35930,Kimia Farma - Apotek,Tasikmalaya,Jawa Barat,4.1,"Other analgesics and antipyretics, Salicylic acid and derivatives"
TRX3593143,12/2/2021,Randall Short,KF943,5500,0.09,3.6,5005,0.1,5.5,78631,Kimia Farma - Apotek,Pangkalpinang,Bangka Belitung,4.3,"Other analgesics and antipyretics, Salicylic acid and derivatives"
TRX9941231,7/14/2023,Beth Ellis,KF943,5500,0.09,3.6,5005,0.1,5.5,90206,Kimia Farma - Apotek,Kotamobagu,Sulawesi Utara,4.7,"Other analgesics and antipyretics, Salicylic acid and derivatives"
TRX4280503,10/1/2020,Nicole Robertson,KF943,5500,0.09,3.9,5005,0.1,5.5,34489,Kimia Farma - Apotek,Garut,Jawa Barat,4.4,"Other analgesics and antipyretics, Salicylic acid and derivatives"
TRX3296104,1/4/2023,Monique Nelson,KF943,5500,0.09,3.7,5005,0.1,5.5,99409,Kimia Farma - Apotek,Bekasi,Jawa Barat,4,"Other analgesics and antipyretics, Salicylic acid and derivatives"
TRX5949258,12/23/2021,Angela Adams,KF943,5500,0.09,4.8,5005,0.1,5.5,20261,Kimia Farma - Apotek,Garut,Jawa Barat,4.3,"Other analgesics and antipyretics, Salicylic acid and derivatives"
TRX5379483,7/17/2021,Nicholas Gibson,KF943,5500,0.09,3.9,5005,0.1,5.5,31737,Kimia Farma - Apotek,Mataram,Nusa Tenggara Barat,4.2,"Other analgesics and antipyretics, Salicylic acid and derivatives"
TRX3825168,3/4/2022,Justin Mcconnell,KF943,5500,0.09,3.4,5005,0.1,5.5,69548,Kimia Farma - Apotek,Tangerang,Banten,4,"Other analgesics and antipyretics, Salicylic acid and derivatives"
TRX4539344,10/10/2021,Kim Thomas,KF943,5500,0.09,4.4,5005,0.1,5.5,18484,Kimia Farma - Apotek,Karawang,Jawa Barat,4,"Other analgesics and antipyretics, Salicylic acid and derivatives"
TRX7475605,7/18/2021,Andrea Davies,KF943,5500,0.09,4.9,5005,0.1,5.5,71378,Kimia Farma - Apotek,Gorontalo,Gorontalo,4.5,"Other analgesics and antipyretics, Salicylic acid and derivatives"
TRX7523324,9/30/2020,Holly Mccullough,KF943,5500,0.09,3.1,5005,0.1,5.5,95120,Kimia Farma - Apotek,Garut,Jawa Barat,4.6,"Other analgesics and antipyretics, Salicylic acid and derivatives"
TRX5010001,6/20/2020,Kimberly Grant,KF943,5500,0.09,4.5,5005,0.1,5.5,26671,Kimia Farma - Apotek,Pangkalpinang,Bangka Belitung,4.1,"Other analgesics and antipyretics, Salicylic acid and derivatives"
TRX8593166,7/26/2020,Natalie Murphy,KF943,5500,0.09,4.3,5005,0.1,5.5,99697,Kimia Farma - Apotek,Subang,Jawa Barat,4.8,"Other analgesics and antipyretics, Salicylic acid and derivatives"
TRX5906914,9/27/2021,Jody Rose,KF943,5500,0.09,4.1,5005,0.1,5.5,31747,Kimia Farma - Apotek,Langsa,Aceh,4.5,"Other analgesics and antipyretics, Salicylic acid and derivatives"
TRX4428676,2/7/2021,Erica Campbell,KF943,5500,0.09,3.1,5005,0.1,5.5,76725,Kimia Farma - Apotek,Subang,Jawa Barat,4.9,"Other analgesics and antipyretics, Salicylic acid and derivatives"
TRX9087929,5/22/2021,Shannon Murphy,KF943,5500,0.09,3.4,5005,0.1,5.5,13307,Kimia Farma - Apotek,Jambi,Jambi,4.7,"Other analgesics and antipyretics, Salicylic acid and derivatives"
TRX4935134,8/16/2021,Lawrence Odom,KF943,5500,0.09,4.9,5005,0.1,5.5,99669,Kimia Farma - Apotek,Palu,Sulawesi Tengah,4.2,"Other analgesics and antipyretics, Salicylic acid and derivatives"
TRX1414821,10/12/2023,Heather Zimmerman,KF943,5500,0.09,4.9,5005,0.1,5.5,35955,Kimia Farma - Apotek,Mataram,Nusa Tenggara Barat,4.2,"Other analgesics and antipyretics, Salicylic acid and derivatives"
TRX4704103,2/22/2023,Timothy Simpson,KF943,5500,0.09,4.3,5005,0.1,5.5,18306,Kimia Farma - Apotek,Manado,Sulawesi Utara,5,"Other analgesics and antipyretics, Salicylic acid and derivatives"
TRX8450855,5/31/2022,Dr. Michael Rivers,KF943,5500,0.09,3.9,5005,0.1,5.5,12560,Kimia Farma - Apotek,Padang Sidempuan,Sumatera Utara,4.4,"Other analgesics and antipyretics, Salicylic acid and derivatives"
TRX3160152,1/22/2022,Rebecca Stevens,KF943,5500,0.09,3.9,5005,0.1,5.5,18342,Kimia Farma - Apotek,Garut,Jawa Barat,4.6,"Other analgesics and antipyretics, Salicylic acid and derivatives"
TRX4656177,6/27/2020,Samuel Brown,KF943,5500,0.09,3.5,5005,0.1,5.5,70971,Kimia Farma - Apotek,Tomohon,Sulawesi Utara,4.8,"Other analgesics and antipyretics, Salicylic acid and derivatives"
TRX9957961,4/30/2020,Lynn Sanders,KF943,5500,0.09,4.5,5005,0.1,5.5,28844,Kimia Farma - Apotek,Indramayu,Jawa Barat,4.1,"Other analgesics and antipyretics, Salicylic acid and derivatives"
TRX2185309,11/24/2022,John Miller,KF943,5500,0.09,3.2,5005,0.1,5.5,67921,Kimia Farma - Apotek,Ternate,Maluku Utara,5,"Other analgesics and antipyretics, Salicylic acid and derivatives"
TRX9409144,8/24/2020,Lisa Avery,KF943,5500,0.09,3.7,5005,0.1,5.5,69565,Kimia Farma - Apotek,Pariaman,Sumatera Barat,4.1,"Other analgesics and antipyretics, Salicylic acid and derivatives"
TRX9397539,12/2/2022,Alison Reynolds,KF943,5500,0.09,3.6,5005,0.1,5.5,95971,Kimia Farma - Apotek,Banjarmasin,Kalimantan Selatan,4.2,"Other analgesics and antipyretics, Salicylic acid and derivatives"
TRX6167791,7/24/2023,Benjamin Lambert,KF943,5500,0.09,4.1,5005,0.1,5.5,96462,Kimia Farma - Apotek,Semarang,Jawa Tengah,4.1,"Other analgesics and antipyretics, Salicylic acid and derivatives"
TRX7659734,1/8/2023,Joseph Miller,KF943,5500,0.09,3.7,5005,0.1,5.5,98300,Kimia Farma - Apotek,Subang,Jawa Barat,4.9,"Other analgesics and antipyretics, Salicylic acid and derivatives"
TRX2643320,12/11/2020,Corey Spencer,KF943,5500,0.09,4.4,5005,0.1,5.5,24592,Kimia Farma - Apotek,Ciamis,Jawa Barat,3.9,"Other analgesics and antipyretics, Salicylic acid and derivatives"
TRX6444731,6/6/2020,Tanya Glover,KF943,5500,0.09,3.4,5005,0.1,5.5,65315,Kimia Farma - Apotek,Semarang,Jawa Tengah,4,"Other analgesics and antipyretics, Salicylic acid and derivatives"
TRX4875191,4/7/2021,Alexander Kirby,KF943,5500,0.09,3.9,5005,0.1,5.5,27840,Kimia Farma - Apotek,Denpasar,Bali,4.3,"Other analgesics and antipyretics, Salicylic acid and derivatives"
TRX2996649,2/24/2021,Deborah Phillips,KF943,5500,0.09,3.2,5005,0.1,5.5,96742,Kimia Farma - Apotek,Garut,Jawa Barat,4.4,"Other analgesics and antipyretics, Salicylic acid and derivatives"
TRX5074192,11/23/2023,Patricia James,KF943,5500,0.09,3.6,5005,0.1,5.5,75503,Kimia Farma - Apotek,Tomohon,Sulawesi Utara,4.7,"Other analgesics and antipyretics, Salicylic acid and derivatives"
TRX3826200,4/5/2023,Katherine Smith,KF943,5500,0.09,4.1,5005,0.1,5.5,89840,Kimia Farma - Apotek,Makassar,Sulawesi Selatan,4.9,"Other analgesics and antipyretics, Salicylic acid and derivatives"
TRX1148984,3/8/2023,Dalton Johnson,KF943,5500,0.09,4.7,5005,0.1,5.5,41261,Kimia Farma - Apotek,Deli Serdang,Sumatera Utara,4.6,"Other analgesics and antipyretics, Salicylic acid and derivatives"
TRX6310815,8/29/2022,Matthew Mullen,KF943,5500,0.09,3.2,5005,0.1,5.5,12174,Kimia Farma - Apotek,Pangkalpinang,Bangka Belitung,4.7,"Other analgesics and antipyretics, Salicylic acid and derivatives"
TRX4697561,2/9/2023,Dustin Ellison,KF943,5500,0.09,3.2,5005,0.1,5.5,85216,Kimia Farma - Apotek,Purwakarta,Jawa Barat,4,"Other analgesics and antipyretics, Salicylic acid and derivatives"
TRX7245936,8/12/2022,Gregory Stone,KF943,5500,0.09,3.9,5005,0.1,5.5,88319,Kimia Farma - Apotek,Sibolga,Sumatera Utara,4.8,"Other analgesics and antipyretics, Salicylic acid and derivatives"
TRX3094744,6/6/2022,Billy Wright,KF172,2100,0.1,4,1890,0.1,-21,96720,Kimia Farma - Apotek,Palangkaraya,Kalimantan Tengah,4,"Psycholeptics drugs, Hypnotics and sedatives drugs"
TRX5736069,10/9/2021,Stephanie Patterson,KF172,2100,0.1,3.2,1890,0.1,-21,21171,Kimia Farma - Apotek,Indramayu,Jawa Barat,4,"Psycholeptics drugs, Hypnotics and sedatives drugs"
TRX1393656,4/3/2021,Brenda Morris,KF172,2100,0.1,4.1,1890,0.1,-21,22764,Kimia Farma - Apotek,Denpasar,Bali,4.4,"Psycholeptics drugs, Hypnotics and sedatives drugs"
TRX6934856,8/21/2021,Brenda Martinez,KF172,2100,0.1,4.7,1890,0.1,-21,16040,Kimia Farma - Apotek,Ciamis,Jawa Barat,4.2,"Psycholeptics drugs, Hypnotics and sedatives drugs"
TRX5912073,3/11/2020,Jasmine Turner,KF172,2100,0.1,4.5,1890,0.1,-21,93257,Kimia Farma - Apotek,Kotamobagu,Sulawesi Utara,4.6,"Psycholeptics drugs, Hypnotics and sedatives drugs"
TRX1758419,3/11/2020,Jennifer Garcia,KF172,2100,0.1,4.2,1890,0.1,-21,42922,Kimia Farma - Apotek,Palangkaraya,Kalimantan Tengah,4.1,"Psycholeptics drugs, Hypnotics and sedatives drugs"
TRX7279549,5/12/2023,Jesse Collins,KF172,2100,0.1,3.9,1890,0.1,-21,64238,Kimia Farma - Apotek,Jakarta,DKI Jakarta,4,"Psycholeptics drugs, Hypnotics and sedatives drugs"
TRX8262419,9/1/2022,Sarah Frye,KF172,2100,0.1,4,1890,0.1,-21,44632,Kimia Farma - Apotek,Mataram,Nusa Tenggara Barat,4.5,"Psycholeptics drugs, Hypnotics and sedatives drugs"
TRX9444904,1/20/2021,Anita Miller,KF172,2100,0.1,3.4,1890,0.1,-21,17275,Kimia Farma - Apotek,Banda Aceh,Aceh,3.9,"Psycholeptics drugs, Hypnotics and sedatives drugs"
TRX3173801,8/5/2023,Kristen Ortiz,KF172,2100,0.1,3.5,1890,0.1,-21,68556,Kimia Farma - Apotek,Bekasi,Jawa Barat,4.8,"Psycholeptics drugs, Hypnotics and sedatives drugs"
TRX7102755,7/7/2022,Rachel Lopez,KF172,2100,0.1,3.4,1890,0.1,-21,18983,Kimia Farma - Apotek,Solok,Sumatera Barat,4.8,"Psycholeptics drugs, Hypnotics and sedatives drugs"
TRX9802511,11/11/2023,Yolanda Lynch,KF172,2100,0.1,4.1,1890,0.1,-21,49438,Kimia Farma - Apotek,Ternate,Maluku Utara,4.9,"Psycholeptics drugs, Hypnotics and sedatives drugs"
TRX3570017,2/21/2022,Nicole Watkins,KF172,2100,0.1,4.3,1890,0.1,-21,83357,Kimia Farma - Apotek,Sukabumi,Jawa Barat,4.2,"Psycholeptics drugs, Hypnotics and sedatives drugs"
TRX4992508,1/20/2020,Dana Jones,KF172,2100,0.1,3.1,1890,0.1,-21,87938,Kimia Farma - Apotek,Samarinda,Kalimantan Timur,4.5,"Psycholeptics drugs, Hypnotics and sedatives drugs"
TRX3952146,7/18/2022,Carla White,KF172,2100,0.1,4.9,1890,0.1,-21,50288,Kimia Farma - Apotek,Ternate,Maluku Utara,4.4,"Psycholeptics drugs, Hypnotics and sedatives drugs"
TRX6840492,5/20/2021,James Arias,KF172,2100,0.1,3.9,1890,0.1,-21,69841,Kimia Farma - Apotek,Lhokseumawe,Aceh,4.9,"Psycholeptics drugs, Hypnotics and sedatives drugs"
TRX7482853,6/20/2021,Michael Holmes,KF172,2100,0.1,3.3,1890,0.1,-21,21490,Kimia Farma - Apotek,Jayapura,Papua,4.1,"Psycholeptics drugs, Hypnotics and sedatives drugs"
TRX3696104,9/13/2022,Matthew Brown,KF172,2100,0.1,4.2,1890,0.1,-21,85014,Kimia Farma - Apotek,Balikpapan,Kalimantan Timur,4,"Psycholeptics drugs, Hypnotics and sedatives drugs"
TRX6090212,7/4/2022,Susan Taylor,KF172,2100,0.1,4.5,1890,0.1,-21,47175,Kimia Farma - Apotek,Bekasi,Jawa Barat,4.9,"Psycholeptics drugs, Hypnotics and sedatives drugs"
TRX6135428,7/8/2022,Rachel Franklin MD,KF172,2100,0.1,4.6,1890,0.1,-21,96742,Kimia Farma - Apotek,Garut,Jawa Barat,4.4,"Psycholeptics drugs, Hypnotics and sedatives drugs"
TRX7094479,4/11/2023,Timothy Hughes,KF172,2100,0.1,3.2,1890,0.1,-21,90214,Kimia Farma - Apotek,Pontianak,Kalimantan Barat,4.2,"Psycholeptics drugs, Hypnotics and sedatives drugs"
TRX7397701,6/19/2023,Brandon Allison,KF172,2100,0.1,4.7,1890,0.1,-21,29281,Kimia Farma - Apotek,Banjarmasin,Kalimantan Selatan,4.7,"Psycholeptics drugs, Hypnotics and sedatives drugs"
TRX9158467,3/13/2021,Linda Martinez,KF172,2100,0.1,3.1,1890,0.1,-21,51463,Kimia Farma - Apotek,Ternate,Maluku Utara,4.4,"Psycholeptics drugs, Hypnotics and sedatives drugs"
TRX6822735,5/27/2020,Tammy Martin,KF172,2100,0.1,3.8,1890,0.1,-21,29203,Kimia Farma - Apotek,Tasikmalaya,Jawa Barat,4.3,"Psycholeptics drugs, Hypnotics and sedatives drugs"
TRX7465535,2/19/2020,Jeremy Hart,KF172,2100,0.1,3.8,1890,0.1,-21,67807,Kimia Farma - Apotek,Tanjungpinang,Kepulauan Riau,4.4,"Psycholeptics drugs, Hypnotics and sedatives drugs"
TRX7031430,2/6/2021,Jonathan Richards,KF172,2100,0.1,4.1,1890,0.1,-21,34829,Kimia Farma - Apotek,Lubuklinggau,Sumatera Selatan,4.5,"Psycholeptics drugs, Hypnotics and sedatives drugs"
TRX6203036,5/29/2021,Adam Weber,KF172,2100,0.1,4.6,1890,0.1,-21,20566,Kimia Farma - Apotek,Lhokseumawe,Aceh,4,"Psycholeptics drugs, Hypnotics and sedatives drugs"
TRX5825722,9/5/2021,Mark Rojas,KF172,2100,0.1,3.1,1890,0.1,-21,47503,Kimia Farma - Apotek,Denpasar,Bali,4.1,"Psycholeptics drugs, Hypnotics and sedatives drugs"
TRX2245010,8/2/2023,Christina Davenport,KF172,2100,0.1,3.3,1890,0.1,-21,44221,Kimia Farma - Apotek,Garut,Jawa Barat,4,"Psycholeptics drugs, Hypnotics and sedatives drugs"
TRX5462294,11/1/2022,Emily Bryan,KF172,2100,0.1,3.4,1890,0.1,-21,40313,Kimia Farma - Apotek,Tasikmalaya,Jawa Barat,4.8,"Psycholeptics drugs, Hypnotics and sedatives drugs"
TRX2625163,5/26/2020,Tamara Butler,KF172,2100,0.1,3.5,1890,0.1,-21,46902,Kimia Farma - Apotek,Cirebon,Jawa Barat,4,"Psycholeptics drugs, Hypnotics and sedatives drugs"
TRX7103865,7/26/2020,Stephanie Gibbs DVM,KF172,2100,0.1,4.7,1890,0.1,-21,87281,Kimia Farma - Apotek,Semarang,Jawa Tengah,4.4,"Psycholeptics drugs, Hypnotics and sedatives drugs"
TRX5792232,11/20/2022,Holly Stewart,KF172,2100,0.1,3.8,1890,0.1,-21,80557,Kimia Farma - Apotek,Pariaman,Sumatera Barat,4,"Psycholeptics drugs, Hypnotics and sedatives drugs"
TRX6392880,1/7/2023,Helen Chavez,KF172,2100,0.1,3.5,1890,0.1,-21,65823,Kimia Farma - Apotek,Kendari,Sulawesi Tenggara,4.9,"Psycholeptics drugs, Hypnotics and sedatives drugs"
TRX3571477,1/10/2021,Becky Jones,KF172,2100,0.1,3,1890,0.1,-21,58928,Kimia Farma - Apotek,Solok,Sumatera Barat,4,"Psycholeptics drugs, Hypnotics and sedatives drugs"
TRX7987115,8/10/2022,Dawn Alvarado,KF172,2100,0.1,4.2,1890,0.1,-21,40540,Kimia Farma - Apotek,Ciamis,Jawa Barat,4.7,"Psycholeptics drugs, Hypnotics and sedatives drugs"
TRX6535119,9/19/2023,Brian West,KF172,2100,0.1,4.9,1890,0.1,-21,99950,Kimia Farma - Apotek,Pangkalpinang,Bangka Belitung,4.6,"Psycholeptics drugs, Hypnotics and sedatives drugs"
TRX3366894,11/29/2023,Robert Mccarty,KF172,2100,0.1,4.8,1890,0.1,-21,98345,Kimia Farma - Apotek,Makassar,Sulawesi Selatan,4.7,"Psycholeptics drugs, Hypnotics and sedatives drugs"
TRX8019307,3/15/2020,Stephanie Garcia,KF172,2100,0.1,3.7,1890,0.1,-21,53053,Kimia Farma - Apotek,Lubuklinggau,Sumatera Selatan,3.9,"Psycholeptics drugs, Hypnotics and sedatives drugs"
TRX6800033,6/25/2020,Jessica Lawson,KF172,2100,0.1,3,1890,0.1,-21,31604,Kimia Farma - Apotek,Pontianak,Kalimantan Barat,4.4,"Psycholeptics drugs, Hypnotics and sedatives drugs"
TRX1662761,9/17/2021,Brenda Alvarado,KF172,2100,0.1,5,1890,0.1,-21,47342,Kimia Farma - Apotek,Padang Sidempuan,Sumatera Utara,4.3,"Psycholeptics drugs, Hypnotics and sedatives drugs"
TRX2477532,8/16/2023,Jason Stewart,KF172,2100,0.1,4.2,1890,0.1,-21,14495,Kimia Farma - Apotek,Banjarmasin,Kalimantan Selatan,4.8,"Psycholeptics drugs, Hypnotics and sedatives drugs"
TRX4132906,8/2/2022,Holly Hamilton,KF172,2100,0.1,3.1,1890,0.1,-21,29922,Kimia Farma - Apotek,Purwokerto,Jawa Tengah,3.9,"Psycholeptics drugs, Hypnotics and sedatives drugs"
TRX7761034,11/21/2022,Taylor Fleming,KF172,2100,0.1,5,1890,0.1,-21,63792,Kimia Farma - Apotek,Pematangsiantar,Sumatera Utara,4.1,"Psycholeptics drugs, Hypnotics and sedatives drugs"
TRX7219157,9/24/2022,Michelle Smith,KF172,2100,0.1,4.8,1890,0.1,-21,28053,Kimia Farma - Apotek,Semarang,Jawa Tengah,4.1,"Psycholeptics drugs, Hypnotics and sedatives drugs"
TRX5328531,3/29/2020,Anthony Parks,KF172,2100,0.1,3.6,1890,0.1,-21,60481,Kimia Farma - Apotek,Pekanbaru,Riau,4.1,"Psycholeptics drugs, Hypnotics and sedatives drugs"
TRX9365911,8/28/2021,Monica Jones,KF172,2100,0.1,4.1,1890,0.1,-21,12174,Kimia Farma - Apotek,Pangkalpinang,Bangka Belitung,4.7,"Psycholeptics drugs, Hypnotics and sedatives drugs"
TRX4702667,7/13/2020,Katherine Morton,KF172,2100,0.1,5,1890,0.1,-21,45962,Kimia Farma - Apotek,Tasikmalaya,Jawa Barat,4.4,"Psycholeptics drugs, Hypnotics and sedatives drugs"
TRX9932804,2/11/2022,Jessica Wilson,KF172,2100,0.1,3.2,1890,0.1,-21,31305,Kimia Farma - Apotek,Sibolga,Sumatera Utara,4.2,"Psycholeptics drugs, Hypnotics and sedatives drugs"
TRX7234463,9/28/2020,Michael Taylor,KF172,2100,0.1,3.9,1890,0.1,-21,63863,Kimia Farma - Apotek,Subang,Jawa Barat,4.7,"Psycholeptics drugs, Hypnotics and sedatives drugs"
TRX5739385,12/23/2021,Alexander King,KF172,2100,0.1,4.3,1890,0.1,-21,54078,Kimia Farma - Apotek,Purwokerto,Jawa Tengah,4.7,"Psycholeptics drugs, Hypnotics and sedatives drugs"
TRX5360373,5/11/2023,Terry Lambert,KF172,2100,0.1,3.3,1890,0.1,-21,40222,Kimia Farma - Apotek,Purwokerto,Jawa Tengah,4.1,"Psycholeptics drugs, Hypnotics and sedatives drugs"
TRX5246915,1/14/2021,Samantha Hahn,KF172,2100,0.1,4.2,1890,0.1,-21,31935,Kimia Farma - Apotek,Tangerang,Banten,4.4,"Psycholeptics drugs, Hypnotics and sedatives drugs"
TRX5869291,1/9/2023,Jasmine Rice,KF172,2100,0.1,4.1,1890,0.1,-21,12369,Kimia Farma - Apotek,Ciamis,Jawa Barat,4.4,"Psycholeptics drugs, Hypnotics and sedatives drugs"
TRX6642174,7/19/2023,Paul Kennedy,KF172,2100,0.1,3.3,1890,0.1,-21,39578,Kimia Farma - Apotek,Ambon,Maluku,4.7,"Psycholeptics drugs, Hypnotics and sedatives drugs"
TRX4410742,6/9/2023,Thomas Mahoney,KF172,2100,0.1,3.1,1890,0.1,-21,68034,Kimia Farma - Apotek,Ambon,Maluku,4.1,"Psycholeptics drugs, Hypnotics and sedatives drugs"
TRX1724817,8/20/2023,Danielle Carter MD,KF172,2100,0.1,3.3,1890,0.1,-21,64080,Kimia Farma - Apotek,Batam,Kepulauan Riau,4.1,"Psycholeptics drugs, Hypnotics and sedatives drugs"
TRX3732639,1/12/2022,Melissa Michael,KF172,2100,0.1,4,1890,0.1,-21,14433,Kimia Farma - Apotek,Gorontalo,Gorontalo,4,"Psycholeptics drugs, Hypnotics and sedatives drugs"
TRX7722903,11/26/2023,Daniel Garcia,KF172,2100,0.1,4.6,1890,0.1,-21,37946,Kimia Farma - Apotek,Cirebon,Jawa Barat,4.1,"Psycholeptics drugs, Hypnotics and sedatives drugs"
TRX2788797,3/9/2021,Clayton Pearson,KF172,2100,0.1,4.4,1890,0.1,-21,55847,Kimia Farma - Apotek,Subang,Jawa Barat,4.3,"Psycholeptics drugs, Hypnotics and sedatives drugs"
TRX1356905,9/18/2021,Katie Scott,KF172,2100,0.1,4.1,1890,0.1,-21,51463,Kimia Farma - Apotek,Ternate,Maluku Utara,4.4,"Psycholeptics drugs, Hypnotics and sedatives drugs"
TRX6356335,5/20/2020,Alan Quinn,KF172,2100,0.1,3.4,1890,0.1,-21,83589,Kimia Farma - Apotek,Cianjur,Jawa Barat,4.6,"Psycholeptics drugs, Hypnotics and sedatives drugs"
TRX8009501,12/29/2021,Jon Chavez,KF172,2100,0.1,3.5,1890,0.1,-21,49606,Kimia Farma - Apotek,Palu,Sulawesi Tengah,4.6,"Psycholeptics drugs, Hypnotics and sedatives drugs"
TRX8363139,4/22/2022,Shannon Allen,KF172,2100,0.1,4.9,1890,0.1,-21,69471,Kimia Farma - Apotek,Probolinggo,Jawa Timur,4.8,"Psycholeptics drugs, Hypnotics and sedatives drugs"
TRX3303143,1/17/2023,John Potter,KF172,2100,0.1,4.4,1890,0.1,-21,37584,Kimia Farma - Apotek,Karawang,Jawa Barat,4.9,"Psycholeptics drugs, Hypnotics and sedatives drugs"
TRX7508138,10/10/2023,John Turner,KF172,2100,0.1,4.7,1890,0.1,-21,68556,Kimia Farma - Apotek,Bekasi,Jawa Barat,4.8,"Psycholeptics drugs, Hypnotics and sedatives drugs"
TRX2849423,10/25/2022,Jeffrey Mueller,KF172,2100,0.1,4.2,1890,0.1,-21,18306,Kimia Farma - Apotek,Manado,Sulawesi Utara,5,"Psycholeptics drugs, Hypnotics and sedatives drugs"
TRX1726492,12/28/2023,Vanessa Gilbert,KF172,2100,0.1,5,1890,0.1,-21,93665,Kimia Farma - Apotek,Tomohon,Sulawesi Utara,5,"Psycholeptics drugs, Hypnotics and sedatives drugs"
TRX6558935,6/24/2021,Taylor Diaz,KF172,2100,0.1,4.6,1890,0.1,-21,37995,Kimia Farma - Apotek,Probolinggo,Jawa Timur,4.4,"Psycholeptics drugs, Hypnotics and sedatives drugs"
TRX5788195,11/17/2023,Jonathan Brown,KF172,2100,0.1,4,1890,0.1,-21,34034,Kimia Farma - Apotek,Tomohon,Sulawesi Utara,3.9,"Psycholeptics drugs, Hypnotics and sedatives drugs"
TRX8297907,8/23/2021,Christina Sanders,KF172,2100,0.1,4.8,1890,0.1,-21,98300,Kimia Farma - Apotek,Subang,Jawa Barat,4.9,"Psycholeptics drugs, Hypnotics and sedatives drugs"
TRX7952264,10/4/2020,Christopher Frank,KF172,2100,0.1,3.4,1890,0.1,-21,42291,Kimia Farma - Apotek,Tarakan,Kalimantan Utara,4.3,"Psycholeptics drugs, Hypnotics and sedatives drugs"
TRX4597404,6/4/2023,Nicole Ellis,KF172,2100,0.1,4.2,1890,0.1,-21,75569,Kimia Farma - Apotek,Indramayu,Jawa Barat,4.1,"Psycholeptics drugs, Hypnotics and sedatives drugs"
TRX2555853,5/28/2021,Matthew Hunt,KF172,2100,0.1,4.6,1890,0.1,-21,51833,Kimia Farma - Apotek,Pematangsiantar,Sumatera Utara,4.2,"Psycholeptics drugs, Hypnotics and sedatives drugs"
TRX8217027,4/20/2021,Jason Frank,KF172,2100,0.1,4.7,1890,0.1,-21,94753,Kimia Farma - Apotek,Pontianak,Kalimantan Barat,4.2,"Psycholeptics drugs, Hypnotics and sedatives drugs"
TRX2709954,2/20/2021,Christian Hayes,KF172,2100,0.1,3.8,1890,0.1,-21,34489,Kimia Farma - Apotek,Garut,Jawa Barat,4.4,"Psycholeptics drugs, Hypnotics and sedatives drugs"
TRX4976125,6/10/2020,Robert Johnson,KF172,2100,0.1,3.5,1890,0.1,-21,48635,Kimia Farma - Apotek,Pangkalpinang,Bangka Belitung,4.3,"Psycholeptics drugs, Hypnotics and sedatives drugs"
TRX2844359,7/27/2020,Amy Schwartz,KF172,2100,0.1,3.2,1890,0.1,-21,28557,Kimia Farma - Apotek,Jambi,Jambi,4.5,"Psycholeptics drugs, Hypnotics and sedatives drugs"
TRX7058194,2/22/2021,Ryan Shannon,KF172,2100,0.1,4.5,1890,0.1,-21,58103,Kimia Farma - Apotek,Karawang,Jawa Barat,4.7,"Psycholeptics drugs, Hypnotics and sedatives drugs"
TRX1148601,9/21/2023,Steven Meyer,KF172,2100,0.1,3.8,1890,0.1,-21,52680,Kimia Farma - Apotek,Purwokerto,Jawa Tengah,4.3,"Psycholeptics drugs, Hypnotics and sedatives drugs"
TRX9687527,1/5/2021,Ashley Arnold,KF172,2100,0.1,3.1,1890,0.1,-21,89154,Kimia Farma - Apotek,Palembang,Sumatera Selatan,4.5,"Psycholeptics drugs, Hypnotics and sedatives drugs"
TRX8433974,10/26/2023,Carlos Ellison,KF172,2100,0.1,3.5,1890,0.1,-21,86446,Kimia Farma - Apotek,Bitung,Sulawesi Utara,4.1,"Psycholeptics drugs, Hypnotics and sedatives drugs"
TRX3649687,3/20/2021,Jay Sanchez,KF172,2100,0.1,3.9,1890,0.1,-21,84443,Kimia Farma - Apotek,Tebing Tinggi,Sumatera Utara,4.2,"Psycholeptics drugs, Hypnotics and sedatives drugs"
TRX6459008,7/10/2023,Andre Hernandez,KF172,2100,0.1,3.2,1890,0.1,-21,84922,Kimia Farma - Apotek,Tasikmalaya,Jawa Barat,4.1,"Psycholeptics drugs, Hypnotics and sedatives drugs"
TRX7036680,1/19/2023,Mr. Matthew Dunlap PhD,KF172,2100,0.1,3.2,1890,0.1,-21,45962,Kimia Farma - Apotek,Tasikmalaya,Jawa Barat,4.4,"Psycholeptics drugs, Hypnotics and sedatives drugs"
TRX5420203,11/1/2020,Lisa Jackson,KF172,2100,0.1,4,1890,0.1,-21,64080,Kimia Farma - Apotek,Batam,Kepulauan Riau,4.1,"Psycholeptics drugs, Hypnotics and sedatives drugs"
TRX8558348,3/3/2022,Brenda Holmes,KF172,2100,0.1,4,1890,0.1,-21,37946,Kimia Farma - Apotek,Cirebon,Jawa Barat,4.1,"Psycholeptics drugs, Hypnotics and sedatives drugs"
TRX7594675,12/4/2021,Paige Miller,KF172,2100,0.1,4.1,1890,0.1,-21,98676,Kimia Farma - Apotek,Malang,Jawa Timur,4.4,"Psycholeptics drugs, Hypnotics and sedatives drugs"
TRX4719353,3/2/2020,Gabriel Gordon,KF172,2100,0.1,4.5,1890,0.1,-21,90214,Kimia Farma - Apotek,Pontianak,Kalimantan Barat,4.2,"Psycholeptics drugs, Hypnotics and sedatives drugs"
TRX3208763,1/13/2020,Nicholas Green,KF172,2100,0.1,4.6,1890,0.1,-21,45642,Kimia Farma - Apotek,Cikampek,Jawa Barat,4.7,"Psycholeptics drugs, Hypnotics and sedatives drugs"
TRX4453979,1/14/2020,Clayton Forbes,KF172,2100,0.1,4.2,1890,0.1,-21,35365,Kimia Farma - Apotek,Pariaman,Sumatera Barat,4.5,"Psycholeptics drugs, Hypnotics and sedatives drugs"
TRX9018533,9/18/2022,Kristi Mueller,KF172,2100,0.1,4.3,1890,0.1,-21,47691,Kimia Farma - Apotek,Banjarmasin,Kalimantan Selatan,3.9,"Psycholeptics drugs, Hypnotics and sedatives drugs"
TRX8261602,9/19/2021,John Smith,KF172,2100,0.1,4.6,1890,0.1,-21,82336,Kimia Farma - Apotek,Sibolga,Sumatera Utara,4.2,"Psycholeptics drugs, Hypnotics and sedatives drugs"
TRX9857306,6/14/2020,Jodi Williams,KF172,2100,0.1,3,1890,0.1,-21,23647,Kimia Farma - Apotek,Semarang,Jawa Tengah,4.6,"Psycholeptics drugs, Hypnotics and sedatives drugs"
TRX2568608,11/21/2020,Gerald Rojas,KF172,2100,0.1,3.5,1890,0.1,-21,31604,Kimia Farma - Apotek,Pontianak,Kalimantan Barat,4.4,"Psycholeptics drugs, Hypnotics and sedatives drugs"
TRX4392058,3/20/2022,Dylan Donaldson,KF172,2100,0.1,4,1890,0.1,-21,84189,Kimia Farma - Apotek,Ciamis,Jawa Barat,5,"Psycholeptics drugs, Hypnotics and sedatives drugs"
TRX8135876,7/15/2020,Abigail Jones,KF172,2100,0.1,4.4,1890,0.1,-21,59549,Kimia Farma - Apotek,Purwakarta,Jawa Barat,4.2,"Psycholeptics drugs, Hypnotics and sedatives drugs"
TRX1222455,12/18/2020,Ashlee Gordon,KF172,2100,0.1,4.8,1890,0.1,-21,24646,Kimia Farma - Apotek,Kupang,Nusa Tenggara Timur,4.4,"Psycholeptics drugs, Hypnotics and sedatives drugs"
TRX1695725,12/15/2023,Paul Salazar,KF172,2100,0.1,4.2,1890,0.1,-21,78115,Kimia Farma - Apotek,Sukabumi,Jawa Barat,4.7,"Psycholeptics drugs, Hypnotics and sedatives drugs"
TRX3637784,1/3/2022,David Gregory,KF172,2100,0.1,3.6,1890,0.1,-21,89566,Kimia Farma - Apotek,Pariaman,Sumatera Barat,4.4,"Psycholeptics drugs, Hypnotics and sedatives drugs"
TRX4967204,6/19/2021,Andrew Rogers,KF172,2100,0.1,5,1890,0.1,-21,32332,Kimia Farma - Apotek,Malang,Jawa Timur,4.1,"Psycholeptics drugs, Hypnotics and sedatives drugs"
TRX4189221,11/18/2023,Stephen Lawrence,KF172,2100,0.1,3.9,1890,0.1,-21,30291,Kimia Farma - Apotek,Manado,Sulawesi Utara,4.9,"Psycholeptics drugs, Hypnotics and sedatives drugs"
TRX7868919,6/21/2021,Thomas Adams,KF172,2100,0.1,4.2,1890,0.1,-21,19169,Kimia Farma - Apotek,Sukabumi,Jawa Barat,4.5,"Psycholeptics drugs, Hypnotics and sedatives drugs"
TRX7909099,6/16/2020,Carlos Johnson,KF172,2100,0.1,3,1890,0.1,-21,66565,Kimia Farma - Apotek,Tasikmalaya,Jawa Barat,3.9,"Psycholeptics drugs, Hypnotics and sedatives drugs"
TRX1007017,8/29/2022,Kristina Davis,KF172,2100,0.1,4.9,1890,0.1,-21,92115,Kimia Farma - Apotek,Purwakarta,Jawa Barat,4.5,"Psycholeptics drugs, Hypnotics and sedatives drugs"
TRX6469120,11/30/2020,Brad Herrera,KF172,2100,0.1,4.1,1890,0.1,-21,13089,Kimia Farma - Apotek,Subang,Jawa Barat,4.1,"Psycholeptics drugs, Hypnotics and sedatives drugs"
TRX1251316,6/23/2023,Joseph Schmidt,KF172,2100,0.1,3.7,1890,0.1,-21,89507,Kimia Farma - Apotek,Bitung,Sulawesi Utara,4.2,"Psycholeptics drugs, Hypnotics and sedatives drugs"
TRX7786483,11/23/2023,Daniel Robles,KF427,3100,0.1,3.7,2790,0.1,-31,15338,Kimia Farma - Apotek,Kotamobagu,Sulawesi Utara,3.9,"Other analgesics and antipyretics, Salicylic acid and derivatives"
TRX6592351,4/17/2020,Amanda Mccoy,KF427,3100,0.1,3.3,2790,0.1,-31,23730,Kimia Farma - Apotek,Tarakan,Kalimantan Utara,4.5,"Other analgesics and antipyretics, Salicylic acid and derivatives"
TRX3115940,12/10/2022,Jennifer Lewis,KF427,3100,0.1,4.4,2790,0.1,-31,74030,Kimia Farma - Apotek,Bitung,Sulawesi Utara,4.5,"Other analgesics and antipyretics, Salicylic acid and derivatives"
TRX1227925,10/11/2020,George Anderson,KF427,3100,0.1,4.1,2790,0.1,-31,19429,Kimia Farma - Apotek,Jambi,Jambi,4.4,"Other analgesics and antipyretics, Salicylic acid and derivatives"
TRX6074102,10/27/2022,Miss Pamela Young,KF427,3100,0.1,4.1,2790,0.1,-31,31747,Kimia Farma - Apotek,Langsa,Aceh,4.5,"Other analgesics and antipyretics, Salicylic acid and derivatives"
TRX3981140,1/12/2021,Randall Jones,KF427,3100,0.1,3.2,2790,0.1,-31,33069,Kimia Farma - Apotek,Garut,Jawa Barat,3.9,"Other analgesics and antipyretics, Salicylic acid and derivatives"
TRX2418643,9/6/2023,Kristin Hill MD,KF427,3100,0.1,3.4,2790,0.1,-31,18306,Kimia Farma - Apotek,Manado,Sulawesi Utara,5,"Other analgesics and antipyretics, Salicylic acid and derivatives"
TRX9201840,10/15/2022,Ronald Vaughn,KF427,3100,0.1,4.8,2790,0.1,-31,40540,Kimia Farma - Apotek,Ciamis,Jawa Barat,4.7,"Other analgesics and antipyretics, Salicylic acid and derivatives"
TRX6251381,10/15/2022,Michael Thomas MD,KF427,3100,0.1,4.2,2790,0.1,-31,59220,Kimia Farma - Apotek,Purwokerto,Jawa Tengah,4.2,"Other analgesics and antipyretics, Salicylic acid and derivatives"
TRX1302509,4/19/2021,Michael Jennings,KF427,3100,0.1,3,2790,0.1,-31,40540,Kimia Farma - Apotek,Ciamis,Jawa Barat,4.7,"Other analgesics and antipyretics, Salicylic acid and derivatives"
TRX9274942,5/26/2022,Jose Smith,KF427,3100,0.1,4.3,2790,0.1,-31,82202,Kimia Farma - Apotek,Jambi,Jambi,4.1,"Other analgesics and antipyretics, Salicylic acid and derivatives"
TRX5758029,9/17/2023,David Mckenzie,KF427,3100,0.1,4.7,2790,0.1,-31,56229,Kimia Farma - Apotek,Palangkaraya,Kalimantan Tengah,4.8,"Other analgesics and antipyretics, Salicylic acid and derivatives"
TRX6048265,11/24/2022,Corey Rodriguez,KF427,3100,0.1,4.9,2790,0.1,-31,48617,Kimia Farma - Apotek,Tasikmalaya,Jawa Barat,4.3,"Other analgesics and antipyretics, Salicylic acid and derivatives"
TRX1038573,8/31/2020,Michelle Cherry,KF427,3100,0.1,3.1,2790,0.1,-31,30842,Kimia Farma - Apotek,Dumai,Riau,4,"Other analgesics and antipyretics, Salicylic acid and derivatives"
TRX2705417,6/29/2022,Elizabeth Marquez,KF427,3100,0.1,3.6,2790,0.1,-31,79972,Kimia Farma - Apotek,Mataram,Nusa Tenggara Barat,4.7,"Other analgesics and antipyretics, Salicylic acid and derivatives"
TRX9300220,4/30/2023,Matthew Johnson,KF427,3100,0.1,3.4,2790,0.1,-31,80176,Kimia Farma - Apotek,Dumai,Riau,4.7,"Other analgesics and antipyretics, Salicylic acid and derivatives"
TRX9560098,1/24/2022,Anna Nichols,KF427,3100,0.1,4.7,2790,0.1,-31,47927,Kimia Farma - Apotek,Jambi,Jambi,4.7,"Other analgesics and antipyretics, Salicylic acid and derivatives"
TRX1748582,9/8/2021,Shelby Hawkins MD,KF427,3100,0.1,3.8,2790,0.1,-31,57196,Kimia Farma - Apotek,Pematangsiantar,Sumatera Utara,4.8,"Other analgesics and antipyretics, Salicylic acid and derivatives"
TRX2097240,10/30/2022,Allison Orozco DDS,KF427,3100,0.1,4.8,2790,0.1,-31,51833,Kimia Farma - Apotek,Pematangsiantar,Sumatera Utara,4.2,"Other analgesics and antipyretics, Salicylic acid and derivatives"
TRX5213493,3/31/2022,John Hernandez,KF427,3100,0.1,4.3,2790,0.1,-31,35746,Kimia Farma - Apotek,Surabaya,Jawa Timur,4.5,"Other analgesics and antipyretics, Salicylic acid and derivatives"
TRX5361549,3/17/2021,Penny Todd,KF427,3100,0.1,4.7,2790,0.1,-31,49726,Kimia Farma - Apotek,Jayapura,Papua,4.9,"Other analgesics and antipyretics, Salicylic acid and derivatives"
TRX6475084,12/5/2022,Laura Elliott,KF427,3100,0.1,3.6,2790,0.1,-31,34829,Kimia Farma - Apotek,Lubuklinggau,Sumatera Selatan,4.5,"Other analgesics and antipyretics, Salicylic acid and derivatives"
TRX5192244,3/21/2023,Edwin Johnson,KF427,3100,0.1,3.9,2790,0.1,-31,73008,Kimia Farma - Apotek,Mataram,Nusa Tenggara Barat,5,"Other analgesics and antipyretics, Salicylic acid and derivatives"
TRX5297942,4/7/2020,Erin Holland,KF427,3100,0.1,4.5,2790,0.1,-31,97760,Kimia Farma - Apotek,Cikampek,Jawa Barat,4.6,"Other analgesics and antipyretics, Salicylic acid and derivatives"
TRX6640911,5/30/2023,Andrew Lyons,KF427,3100,0.1,5,2790,0.1,-31,36953,Kimia Farma - Apotek,Cilacap,Jawa Tengah,5,"Other analgesics and antipyretics, Salicylic acid and derivatives"
TRX2458044,11/14/2023,James Morales,KF427,3100,0.1,3.6,2790,0.1,-31,31365,Kimia Farma - Apotek,Cirebon,Jawa Barat,4.4,"Other analgesics and antipyretics, Salicylic acid and derivatives"
TRX4765770,4/21/2021,Heather Douglas,KF427,3100,0.1,4.2,2790,0.1,-31,37402,Kimia Farma - Apotek,Bekasi,Jawa Barat,3.9,"Other analgesics and antipyretics, Salicylic acid and derivatives"
TRX4578922,9/7/2022,Christina Anderson,KF427,3100,0.1,4.4,2790,0.1,-31,28557,Kimia Farma - Apotek,Jambi,Jambi,4.5,"Other analgesics and antipyretics, Salicylic acid and derivatives"
TRX2845289,8/9/2020,Christopher Wilson,KF427,3100,0.1,4.2,2790,0.1,-31,51302,Kimia Farma - Apotek,Cikampek,Jawa Barat,4.6,"Other analgesics and antipyretics, Salicylic acid and derivatives"
TRX6423845,2/26/2022,Sandra Carter,KF427,3100,0.1,4.4,2790,0.1,-31,40552,Kimia Farma - Apotek,Pematangsiantar,Sumatera Utara,4.6,"Other analgesics and antipyretics, Salicylic acid and derivatives"
TRX7052448,3/8/2020,Ms. Jessica Lara,KF427,3100,0.1,3.8,2790,0.1,-31,59955,Kimia Farma - Apotek,Madiun,Jawa Timur,4.7,"Other analgesics and antipyretics, Salicylic acid and derivatives"
TRX9308485,2/3/2023,Jose Church,KF427,3100,0.1,4.6,2790,0.1,-31,67373,Kimia Farma - Apotek,Subang,Jawa Barat,4.6,"Other analgesics and antipyretics, Salicylic acid and derivatives"
TRX2994373,5/3/2020,Miranda Cook,KF427,3100,0.1,3.2,2790,0.1,-31,98837,Kimia Farma - Apotek,Bandung,Jawa Barat,4.6,"Other analgesics and antipyretics, Salicylic acid and derivatives"
TRX5269946,4/23/2021,Elizabeth Tucker,KF427,3100,0.1,4.7,2790,0.1,-31,95971,Kimia Farma - Apotek,Banjarmasin,Kalimantan Selatan,4.2,"Other analgesics and antipyretics, Salicylic acid and derivatives"
TRX9114970,12/20/2023,Marc Ellis,KF427,3100,0.1,3.9,2790,0.1,-31,92899,Kimia Farma - Apotek,Dumai,Riau,4.7,"Other analgesics and antipyretics, Salicylic acid and derivatives"
TRX2668385,2/3/2020,Aaron Phillips,KF427,3100,0.1,4.5,2790,0.1,-31,35964,Kimia Farma - Apotek,Lhokseumawe,Aceh,4.3,"Other analgesics and antipyretics, Salicylic acid and derivatives"
TRX8375075,12/27/2023,Richard Crawford,KF427,3100,0.1,3.5,2790,0.1,-31,24922,Kimia Farma - Apotek,Semarang,Jawa Tengah,4.7,"Other analgesics and antipyretics, Salicylic acid and derivatives"
TRX4587417,7/14/2022,Mariah Brady,KF427,3100,0.1,4.8,2790,0.1,-31,30282,Kimia Farma - Apotek,Ciamis,Jawa Barat,4.4,"Other analgesics and antipyretics, Salicylic acid and derivatives"
TRX8352738,8/29/2022,Jacob Acevedo,KF427,3100,0.1,5,2790,0.1,-31,23145,Kimia Farma - Apotek,Pangkalpinang,Bangka Belitung,4.3,"Other analgesics and antipyretics, Salicylic acid and derivatives"
TRX7836898,6/18/2022,Ryan Wilson,KF427,3100,0.1,3.8,2790,0.1,-31,25624,Kimia Farma - Apotek,Semarang,Jawa Tengah,4.3,"Other analgesics and antipyretics, Salicylic acid and derivatives"
TRX4110550,10/4/2020,Leah Fletcher,KF427,3100,0.1,4.3,2790,0.1,-31,59449,Kimia Farma - Apotek,Indramayu,Jawa Barat,4.1,"Other analgesics and antipyretics, Salicylic acid and derivatives"
TRX9749510,7/6/2020,Hannah Wilson,KF427,3100,0.1,4.9,2790,0.1,-31,46963,Kimia Farma - Apotek,Sibolga,Sumatera Utara,4.3,"Other analgesics and antipyretics, Salicylic acid and derivatives"
TRX5007423,4/14/2022,Kendra Walker,KF427,3100,0.1,4.1,2790,0.1,-31,49584,Kimia Farma - Apotek,Padang Sidempuan,Sumatera Utara,4.6,"Other analgesics and antipyretics, Salicylic acid and derivatives"
TRX7466109,4/21/2022,Michael Parker,KF427,3100,0.1,4.8,2790,0.1,-31,66113,Kimia Farma - Apotek,Bekasi,Jawa Barat,4,"Other analgesics and antipyretics, Salicylic acid and derivatives"
TRX5467687,4/19/2022,Steven Wiggins,KF427,3100,0.1,3,2790,0.1,-31,22275,Kimia Farma - Apotek,Ambon,Maluku,4.4,"Other analgesics and antipyretics, Salicylic acid and derivatives"
TRX7549387,6/15/2021,Katherine Odom,KF427,3100,0.1,3.1,2790,0.1,-31,38733,Kimia Farma - Apotek,Ambon,Maluku,4.9,"Other analgesics and antipyretics, Salicylic acid and derivatives"
TRX6830062,4/23/2021,Belinda Hodges,KF427,3100,0.1,4.1,2790,0.1,-31,68981,Kimia Farma - Apotek,Samarinda,Kalimantan Timur,4.5,"Other analgesics and antipyretics, Salicylic acid and derivatives"
TRX7918571,5/29/2021,Matthew Burns,KF427,3100,0.1,4.6,2790,0.1,-31,82564,Kimia Farma - Apotek,Palembang,Sumatera Selatan,4.2,"Other analgesics and antipyretics, Salicylic acid and derivatives"
TRX2463863,9/15/2022,Jennifer Booth,KF427,3100,0.1,4.2,2790,0.1,-31,27583,Kimia Farma - Apotek,Denpasar,Bali,5,"Other analgesics and antipyretics, Salicylic acid and derivatives"
TRX5843075,4/5/2022,Karen Brown,KF427,3100,0.1,4.9,2790,0.1,-31,26269,Kimia Farma - Apotek,Garut,Jawa Barat,4,"Other analgesics and antipyretics, Salicylic acid and derivatives"
TRX7373468,2/25/2021,Preston Craig,KF427,3100,0.1,4.3,2790,0.1,-31,24592,Kimia Farma - Apotek,Ciamis,Jawa Barat,3.9,"Other analgesics and antipyretics, Salicylic acid and derivatives"
TRX2486351,2/16/2023,Katelyn Warner,KF427,3100,0.1,4.6,2790,0.1,-31,84189,Kimia Farma - Apotek,Ciamis,Jawa Barat,5,"Other analgesics and antipyretics, Salicylic acid and derivatives"
TRX3129864,8/26/2021,Michelle Dixon DDS,KF427,3100,0.1,4,2790,0.1,-31,98443,Kimia Farma - Apotek,Banda Aceh,Aceh,4.5,"Other analgesics and antipyretics, Salicylic acid and derivatives"
TRX5458552,3/22/2022,Rachel Greene,KF427,3100,0.1,3.6,2790,0.1,-31,98907,Kimia Farma - Apotek,Gorontalo,Gorontalo,4.6,"Other analgesics and antipyretics, Salicylic acid and derivatives"
TRX7147495,1/28/2022,Holly Collins,KF427,3100,0.1,3.7,2790,0.1,-31,59496,Kimia Farma - Apotek,Surabaya,Jawa Timur,3.9,"Other analgesics and antipyretics, Salicylic acid and derivatives"
TRX1095383,3/7/2020,Christina Fisher,KF427,3100,0.1,3.2,2790,0.1,-31,37191,Kimia Farma - Apotek,Bima,Nusa Tenggara Barat,3.9,"Other analgesics and antipyretics, Salicylic acid and derivatives"
TRX6195116,4/8/2020,John Burton,KF427,3100,0.1,3.4,2790,0.1,-31,37191,Kimia Farma - Apotek,Bima,Nusa Tenggara Barat,3.9,"Other analgesics and antipyretics, Salicylic acid and derivatives"
TRX8066016,9/20/2023,James Galvan,KF427,3100,0.1,3.9,2790,0.1,-31,12056,Kimia Farma - Apotek,Pariaman,Sumatera Barat,4.5,"Other analgesics and antipyretics, Salicylic acid and derivatives"
TRX5757800,6/3/2022,Lynn Preston,KF427,3100,0.1,3.6,2790,0.1,-31,82832,Kimia Farma - Apotek,Purwakarta,Jawa Barat,4.7,"Other analgesics and antipyretics, Salicylic acid and derivatives"
TRX6633899,4/23/2020,Katherine Barrera,KF427,3100,0.1,3.2,2790,0.1,-31,25947,Kimia Farma - Apotek,Denpasar,Bali,4.2,"Other analgesics and antipyretics, Salicylic acid and derivatives"
TRX3208665,7/24/2021,Daniel Fisher,KF427,3100,0.1,3.6,2790,0.1,-31,86667,Kimia Farma - Apotek,Bekasi,Jawa Barat,4.6,"Other analgesics and antipyretics, Salicylic acid and derivatives"
TRX6277900,3/8/2021,Kevin Franco,KF427,3100,0.1,4.9,2790,0.1,-31,24592,Kimia Farma - Apotek,Ciamis,Jawa Barat,3.9,"Other analgesics and antipyretics, Salicylic acid and derivatives"
TRX4632211,3/14/2022,Jeffrey Webb,KF427,3100,0.1,4,2790,0.1,-31,13775,Kimia Farma - Apotek,Tomohon,Sulawesi Utara,5,"Other analgesics and antipyretics, Salicylic acid and derivatives"
TRX2780246,8/19/2022,Jody Johnson,KF427,3100,0.1,3.9,2790,0.1,-31,65948,Kimia Farma - Apotek,Tarakan,Kalimantan Utara,4.4,"Other analgesics and antipyretics, Salicylic acid and derivatives"
TRX8762612,12/19/2023,Donald Moreno,KF427,3100,0.1,4.6,2790,0.1,-31,45072,Kimia Farma - Apotek,Surabaya,Jawa Timur,4.7,"Other analgesics and antipyretics, Salicylic acid and derivatives"
TRX6420498,1/24/2020,Cristian Harris,KF427,3100,0.1,5,2790,0.1,-31,49726,Kimia Farma - Apotek,Jayapura,Papua,4.9,"Other analgesics and antipyretics, Salicylic acid and derivatives"
TRX7152549,5/28/2020,Crystal Best,KF427,3100,0.1,4.2,2790,0.1,-31,93702,Kimia Farma - Apotek,Jayapura,Papua,4.3,"Other analgesics and antipyretics, Salicylic acid and derivatives"
TRX5405379,11/10/2020,Marissa Owens,KF427,3100,0.1,4.9,2790,0.1,-31,23145,Kimia Farma - Apotek,Pangkalpinang,Bangka Belitung,4.3,"Other analgesics and antipyretics, Salicylic acid and derivatives"
TRX1663346,6/18/2021,Margaret Campos,KF427,3100,0.1,4.4,2790,0.1,-31,36721,Kimia Farma - Apotek,Garut,Jawa Barat,4.9,"Other analgesics and antipyretics, Salicylic acid and derivatives"
TRX4158609,2/9/2020,David Rice PhD,KF427,3100,0.1,4.3,2790,0.1,-31,75909,Kimia Farma - Apotek,Yogyakarta,DI Yogyakarta,4.2,"Other analgesics and antipyretics, Salicylic acid and derivatives"
TRX4278092,4/26/2022,Amy Conley,KF427,3100,0.1,3.5,2790,0.1,-31,68853,Kimia Farma - Apotek,Subang,Jawa Barat,4.5,"Other analgesics and antipyretics, Salicylic acid and derivatives"
TRX9984485,3/11/2023,Kimberly Hawkins,KF427,3100,0.1,3.3,2790,0.1,-31,13775,Kimia Farma - Apotek,Tomohon,Sulawesi Utara,5,"Other analgesics and antipyretics, Salicylic acid and derivatives"
TRX3730026,5/6/2023,Samantha Glover,KF427,3100,0.1,3.8,2790,0.1,-31,17863,Kimia Farma - Apotek,Gorontalo,Gorontalo,4.7,"Other analgesics and antipyretics, Salicylic acid and derivatives"
TRX1897986,6/12/2023,Daniel Strong,KF427,3100,0.1,3.8,2790,0.1,-31,16158,Kimia Farma - Apotek,Subang,Jawa Barat,5,"Other analgesics and antipyretics, Salicylic acid and derivatives"
TRX6039574,10/13/2023,Kim Gregory,KF427,3100,0.1,4.3,2790,0.1,-31,54372,Kimia Farma - Apotek,Padang,Sumatera Barat,4.2,"Other analgesics and antipyretics, Salicylic acid and derivatives"
TRX1202249,8/1/2023,Ann Martin,KF427,3100,0.1,5,2790,0.1,-31,54372,Kimia Farma - Apotek,Padang,Sumatera Barat,4.2,"Other analgesics and antipyretics, Salicylic acid and derivatives"
TRX5053747,2/10/2021,Dr. Jonathan Dorsey PhD,KF427,3100,0.1,3,2790,0.1,-31,61880,Kimia Farma - Apotek,Sibolga,Sumatera Utara,4,"Other analgesics and antipyretics, Salicylic acid and derivatives"
TRX2945963,12/12/2021,Anna Gibson,KF427,3100,0.1,3.2,2790,0.1,-31,76351,Kimia Farma - Apotek,Palu,Sulawesi Tengah,4.4,"Other analgesics and antipyretics, Salicylic acid and derivatives"
TRX4066802,12/1/2022,Laura Williams,KF427,3100,0.1,3.7,2790,0.1,-31,26025,Kimia Farma - Apotek,Kotamobagu,Sulawesi Utara,4.8,"Other analgesics and antipyretics, Salicylic acid and derivatives"
TRX6822457,6/14/2023,Douglas Simpson,KF427,3100,0.1,4.7,2790,0.1,-31,43283,Kimia Farma - Apotek,Surabaya,Jawa Timur,4.6,"Other analgesics and antipyretics, Salicylic acid and derivatives"
TRX9171628,8/13/2022,Melanie Brown,KF427,3100,0.1,4.3,2790,0.1,-31,16158,Kimia Farma - Apotek,Subang,Jawa Barat,5,"Other analgesics and antipyretics, Salicylic acid and derivatives"
TRX1156755,10/7/2020,Daniel Baker,KF427,3100,0.1,4.1,2790,0.1,-31,16339,Kimia Farma - Apotek,Subang,Jawa Barat,4.7,"Other analgesics and antipyretics, Salicylic acid and derivatives"
TRX7816821,3/9/2022,Kenneth Espinoza,KF427,3100,0.1,3.5,2790,0.1,-31,21930,Kimia Farma - Apotek,Solok,Sumatera Barat,4.9,"Other analgesics and antipyretics, Salicylic acid and derivatives"
TRX3504148,4/21/2022,Dr. Susan Lewis MD,KF427,3100,0.1,4.9,2790,0.1,-31,56918,Kimia Farma - Apotek,Purwakarta,Jawa Barat,3.9,"Other analgesics and antipyretics, Salicylic acid and derivatives"
TRX6479085,9/22/2023,Jonathan Stout,KF427,3100,0.1,3.7,2790,0.1,-31,33488,Kimia Farma - Apotek,Denpasar,Bali,4.8,"Other analgesics and antipyretics, Salicylic acid and derivatives"
TRX8153555,11/12/2023,Karen Gonzalez,KF427,3100,0.1,3.9,2790,0.1,-31,71367,Kimia Farma - Apotek,Dumai,Riau,4.2,"Other analgesics and antipyretics, Salicylic acid and derivatives"
TRX1815469,2/8/2020,Mr. Anthony Young DDS,KF427,3100,0.1,3.5,2790,0.1,-31,15338,Kimia Farma - Apotek,Kotamobagu,Sulawesi Utara,3.9,"Other analgesics and antipyretics, Salicylic acid and derivatives"
TRX8928346,1/11/2020,Tiffany Wilcox,KF427,3100,0.1,4.4,2790,0.1,-31,96558,Kimia Farma - Apotek,Denpasar,Bali,4.7,"Other analgesics and antipyretics, Salicylic acid and derivatives"
TRX2049556,9/13/2023,Makayla Kirby,KF427,3100,0.1,3.8,2790,0.1,-31,20073,Kimia Farma - Apotek,Kendari,Sulawesi Tenggara,4,"Other analgesics and antipyretics, Salicylic acid and derivatives"
TRX6224900,8/3/2020,David Rush,KF427,3100,0.1,3.3,2790,0.1,-31,36450,Kimia Farma - Apotek,Indramayu,Jawa Barat,4.5,"Other analgesics and antipyretics, Salicylic acid and derivatives"
TRX2179043,4/23/2021,Alan Johnson,KF427,3100,0.1,3.2,2790,0.1,-31,31305,Kimia Farma - Apotek,Sibolga,Sumatera Utara,4.2,"Other analgesics and antipyretics, Salicylic acid and derivatives"
TRX4130241,12/18/2023,Rachel Williams,KF427,3100,0.1,3.1,2790,0.1,-31,12558,Kimia Farma - Apotek,Kendari,Sulawesi Tenggara,4.4,"Other analgesics and antipyretics, Salicylic acid and derivatives"
TRX8702761,9/11/2021,Sue Olsen,KF427,3100,0.1,3.2,2790,0.1,-31,36721,Kimia Farma - Apotek,Garut,Jawa Barat,4.9,"Other analgesics and antipyretics, Salicylic acid and derivatives"
TRX5626869,6/6/2020,Christine Thompson,KF427,3100,0.1,3.8,2790,0.1,-31,86131,Kimia Farma - Apotek,Tasikmalaya,Jawa Barat,4.2,"Other analgesics and antipyretics, Salicylic acid and derivatives"
TRX5826456,7/7/2023,Madison Ross,KF427,3100,0.1,4.3,2790,0.1,-31,16158,Kimia Farma - Apotek,Subang,Jawa Barat,5,"Other analgesics and antipyretics, Salicylic acid and derivatives"
TRX3354502,10/21/2020,Julia Mooney,KF427,3100,0.1,4.5,2790,0.1,-31,92076,Kimia Farma - Apotek,Batam,Kepulauan Riau,4,"Other analgesics and antipyretics, Salicylic acid and derivatives"
TRX6976060,10/5/2022,Sharon Chavez,KF222,64000,0.13,3.7,55680,0.15,32,33816,Kimia Farma - Apotek,Kendari,Sulawesi Tenggara,4,"Anti-inflammatory and antirheumatic products, non-steroids, Acetic acid derivatives and related substances"
TRX8123082,1/19/2022,Jason Zuniga,KF222,64000,0.13,4,55680,0.15,32,12991,Kimia Farma - Apotek,Garut,Jawa Barat,3.9,"Anti-inflammatory and antirheumatic products, non-steroids, Acetic acid derivatives and related substances"
TRX8502276,5/9/2020,Dr. Sheila Valenzuela,KF222,64000,0.13,4.9,55680,0.15,32,67373,Kimia Farma - Apotek,Subang,Jawa Barat,4.6,"Anti-inflammatory and antirheumatic products, non-steroids, Acetic acid derivatives and related substances"
TRX2823146,11/12/2020,Laura Bush,KF222,64000,0.13,4.5,55680,0.15,32,21840,Kimia Farma - Apotek,Pariaman,Sumatera Barat,4.9,"Anti-inflammatory and antirheumatic products, non-steroids, Acetic acid derivatives and related substances"
TRX3539801,7/26/2021,Curtis Johnson,KF222,64000,0.13,3.7,55680,0.15,32,87344,Kimia Farma - Apotek,Semarang,Jawa Tengah,4.5,"Anti-inflammatory and antirheumatic products, non-steroids, Acetic acid derivatives and related substances"
TRX1090048,10/25/2023,Robert Martin,KF222,64000,0.13,4.7,55680,0.15,32,38172,Kimia Farma - Apotek,Pontianak,Kalimantan Barat,5,"Anti-inflammatory and antirheumatic products, non-steroids, Acetic acid derivatives and related substances"
TRX9528692,4/9/2022,David Miller,KF222,64000,0.13,4.3,55680,0.15,32,98581,Kimia Farma - Apotek,Subang,Jawa Barat,4.5,"Anti-inflammatory and antirheumatic products, non-steroids, Acetic acid derivatives and related substances"
TRX4974821,12/28/2023,Nathaniel Davis,KF222,64000,0.13,3.6,55680,0.15,32,50780,Kimia Farma - Apotek,Bitung,Sulawesi Utara,4.8,"Anti-inflammatory and antirheumatic products, non-steroids, Acetic acid derivatives and related substances"
TRX1719976,4/9/2023,Jennifer Robinson,KF222,64000,0.13,3,55680,0.15,32,86667,Kimia Farma - Apotek,Bekasi,Jawa Barat,4.6,"Anti-inflammatory and antirheumatic products, non-steroids, Acetic acid derivatives and related substances"
TRX5127250,5/27/2021,Antonio Bruce,KF222,64000,0.13,4.2,55680,0.15,32,15917,Kimia Farma - Apotek,Semarang,Jawa Tengah,4.8,"Anti-inflammatory and antirheumatic products, non-steroids, Acetic acid derivatives and related substances"
TRX6974050,11/12/2020,Dr. Keith Johnson DDS,KF222,64000,0.13,3.9,55680,0.15,32,67373,Kimia Farma - Apotek,Subang,Jawa Barat,4.6,"Anti-inflammatory and antirheumatic products, non-steroids, Acetic acid derivatives and related substances"
TRX3960997,8/27/2021,Lori Jones,KF222,64000,0.13,4.5,55680,0.15,32,30333,Kimia Farma - Apotek,Bekasi,Jawa Barat,4.6,"Anti-inflammatory and antirheumatic products, non-steroids, Acetic acid derivatives and related substances"
TRX8578485,7/22/2022,Julie Ellison,KF222,64000,0.13,3.8,55680,0.15,32,18983,Kimia Farma - Apotek,Solok,Sumatera Barat,4.8,"Anti-inflammatory and antirheumatic products, non-steroids, Acetic acid derivatives and related substances"
TRX1173410,9/22/2022,Amy Gray,KF222,64000,0.13,4.2,55680,0.15,32,34591,Kimia Farma - Apotek,Jayapura,Papua,4.4,"Anti-inflammatory and antirheumatic products, non-steroids, Acetic acid derivatives and related substances"
TRX9594282,5/24/2020,Chelsea Hays,KF222,64000,0.13,5,55680,0.15,32,83839,Kimia Farma - Apotek,Langsa,Aceh,4.9,"Anti-inflammatory and antirheumatic products, non-steroids, Acetic acid derivatives and related substances"
TRX4895768,5/13/2022,Amanda Smith,KF222,64000,0.13,3.1,55680,0.15,32,47547,Kimia Farma - Apotek,Pontianak,Kalimantan Barat,4.5,"Anti-inflammatory and antirheumatic products, non-steroids, Acetic acid derivatives and related substances"
TRX5859224,3/27/2023,Sean Daniels,KF222,64000,0.13,4.1,55680,0.15,32,98443,Kimia Farma - Apotek,Banda Aceh,Aceh,4.5,"Anti-inflammatory and antirheumatic products, non-steroids, Acetic acid derivatives and related substances"
TRX2009985,4/14/2021,Catherine Payne,KF222,64000,0.13,4,55680,0.15,32,45962,Kimia Farma - Apotek,Tasikmalaya,Jawa Barat,4.4,"Anti-inflammatory and antirheumatic products, non-steroids, Acetic acid derivatives and related substances"
TRX2649201,10/10/2020,Christopher Sutton,KF222,64000,0.13,4.7,55680,0.15,32,73436,Kimia Farma - Apotek,Jambi,Jambi,4.4,"Anti-inflammatory and antirheumatic products, non-steroids, Acetic acid derivatives and related substances"
TRX7403620,10/9/2022,Erica Harris,KF222,64000,0.13,3.5,55680,0.15,32,71367,Kimia Farma - Apotek,Dumai,Riau,4.2,"Anti-inflammatory and antirheumatic products, non-steroids, Acetic acid derivatives and related substances"
TRX8418115,3/15/2023,Angela Mcintosh PhD,KF222,64000,0.13,4.1,55680,0.15,32,18983,Kimia Farma - Apotek,Solok,Sumatera Barat,4.8,"Anti-inflammatory and antirheumatic products, non-steroids, Acetic acid derivatives and related substances"
TRX1567118,12/25/2021,Rachel Blevins,KF222,64000,0.13,3.1,55680,0.15,32,75530,Kimia Farma - Apotek,Jambi,Jambi,3.9,"Anti-inflammatory and antirheumatic products, non-steroids, Acetic acid derivatives and related substances"
TRX8660287,7/8/2023,Sabrina Jackson,KF222,64000,0.13,4.1,55680,0.15,32,48635,Kimia Farma - Apotek,Pangkalpinang,Bangka Belitung,4.3,"Anti-inflammatory and antirheumatic products, non-steroids, Acetic acid derivatives and related substances"
TRX2804056,9/26/2023,Lori Jackson,KF222,64000,0.13,3.7,55680,0.15,32,96558,Kimia Farma - Apotek,Denpasar,Bali,4.7,"Anti-inflammatory and antirheumatic products, non-steroids, Acetic acid derivatives and related substances"
TRX2547949,6/8/2021,Linda Cox DDS,KF222,64000,0.13,3.9,55680,0.15,32,95273,Kimia Farma - Apotek,Pariaman,Sumatera Barat,3.9,"Anti-inflammatory and antirheumatic products, non-steroids, Acetic acid derivatives and related substances"
TRX3872968,7/9/2022,Andrew Ramirez,KF222,64000,0.13,4.4,55680,0.15,32,41131,Kimia Farma - Apotek,Yogyakarta,DI Yogyakarta,4.8,"Anti-inflammatory and antirheumatic products, non-steroids, Acetic acid derivatives and related substances"
TRX8950748,4/22/2023,Charles Torres,KF222,64000,0.13,4.2,55680,0.15,32,56918,Kimia Farma - Apotek,Purwakarta,Jawa Barat,3.9,"Anti-inflammatory and antirheumatic products, non-steroids, Acetic acid derivatives and related substances"
TRX9309695,1/17/2022,Nathan Mann,KF222,64000,0.13,4.1,55680,0.15,32,98300,Kimia Farma - Apotek,Subang,Jawa Barat,4.9,"Anti-inflammatory and antirheumatic products, non-steroids, Acetic acid derivatives and related substances"
TRX2287514,11/5/2023,Michael Lucero,KF222,64000,0.13,3,55680,0.15,32,30247,Kimia Farma - Apotek,Pariaman,Sumatera Barat,4,"Anti-inflammatory and antirheumatic products, non-steroids, Acetic acid derivatives and related substances"
TRX9240533,10/2/2022,David Rojas,KF222,64000,0.13,4.4,55680,0.15,32,96065,Kimia Farma - Apotek,Karawang,Jawa Barat,5,"Anti-inflammatory and antirheumatic products, non-steroids, Acetic acid derivatives and related substances"
TRX2444008,7/7/2023,Joshua Robles,KF222,64000,0.13,4.8,55680,0.15,32,54372,Kimia Farma - Apotek,Padang,Sumatera Barat,4.2,"Anti-inflammatory and antirheumatic products, non-steroids, Acetic acid derivatives and related substances"
TRX6198653,7/14/2022,Jennifer Rivera,KF222,64000,0.13,4.4,55680,0.15,32,15370,Kimia Farma - Apotek,Palembang,Sumatera Selatan,4.1,"Anti-inflammatory and antirheumatic products, non-steroids, Acetic acid derivatives and related substances"
TRX7556639,4/21/2022,Michelle Walker,KF222,64000,0.13,5,55680,0.15,32,40832,Kimia Farma - Apotek,Bekasi,Jawa Barat,5,"Anti-inflammatory and antirheumatic products, non-steroids, Acetic acid derivatives and related substances"
TRX5421385,8/6/2020,Gregory Roach,KF222,64000,0.13,4.9,55680,0.15,32,39523,Kimia Farma - Apotek,Garut,Jawa Barat,4.3,"Anti-inflammatory and antirheumatic products, non-steroids, Acetic acid derivatives and related substances"
TRX4264016,9/11/2023,Cassandra Jenkins,KF222,64000,0.13,3.9,55680,0.15,32,90382,Kimia Farma - Apotek,Kuningan,Jawa Barat,4.7,"Anti-inflammatory and antirheumatic products, non-steroids, Acetic acid derivatives and related substances"
TRX1169913,11/16/2020,Kendra Phillips,KF222,64000,0.13,3,55680,0.15,32,68853,Kimia Farma - Apotek,Subang,Jawa Barat,4.5,"Anti-inflammatory and antirheumatic products, non-steroids, Acetic acid derivatives and related substances"
TRX7698391,5/8/2021,Amy Baker,KF222,64000,0.13,4.4,55680,0.15,32,82428,Kimia Farma - Apotek,Tomohon,Sulawesi Utara,3.9,"Anti-inflammatory and antirheumatic products, non-steroids, Acetic acid derivatives and related substances"
TRX3938068,3/29/2023,Kristen Rodriguez,KF222,64000,0.13,3.8,55680,0.15,32,28123,Kimia Farma - Apotek,Deli Serdang,Sumatera Utara,4.9,"Anti-inflammatory and antirheumatic products, non-steroids, Acetic acid derivatives and related substances"
TRX1240310,7/8/2023,Rita Sloan,KF222,64000,0.13,3.3,55680,0.15,32,89154,Kimia Farma - Apotek,Palembang,Sumatera Selatan,4.5,"Anti-inflammatory and antirheumatic products, non-steroids, Acetic acid derivatives and related substances"
TRX5481724,9/19/2021,Scott Jordan,KF222,64000,0.13,3.3,55680,0.15,32,82095,Kimia Farma - Apotek,Tomohon,Sulawesi Utara,4.4,"Anti-inflammatory and antirheumatic products, non-steroids, Acetic acid derivatives and related substances"
TRX3042628,10/8/2022,Christopher Rose,KF222,64000,0.13,4.6,55680,0.15,32,49438,Kimia Farma - Apotek,Ternate,Maluku Utara,4.9,"Anti-inflammatory and antirheumatic products, non-steroids, Acetic acid derivatives and related substances"
TRX5963213,3/17/2020,Mr. Randall Schwartz,KF222,64000,0.13,4.3,55680,0.15,32,26025,Kimia Farma - Apotek,Kotamobagu,Sulawesi Utara,4.8,"Anti-inflammatory and antirheumatic products, non-steroids, Acetic acid derivatives and related substances"
TRX2050256,2/21/2022,Jessica Davenport,KF222,64000,0.13,4.2,55680,0.15,32,12027,Kimia Farma - Apotek,Pangkalpinang,Bangka Belitung,4.8,"Anti-inflammatory and antirheumatic products, non-steroids, Acetic acid derivatives and related substances"
TRX7694659,1/23/2021,Sara Todd,KF222,64000,0.13,4.6,55680,0.15,32,55386,Kimia Farma - Apotek,Cilacap,Jawa Tengah,4.3,"Anti-inflammatory and antirheumatic products, non-steroids, Acetic acid derivatives and related substances"
TRX2698968,6/6/2023,Timothy Harris,KF222,64000,0.13,3.4,55680,0.15,32,39160,Kimia Farma - Apotek,Garut,Jawa Barat,4.5,"Anti-inflammatory and antirheumatic products, non-steroids, Acetic acid derivatives and related substances"
TRX9628057,6/22/2022,James Mendoza,KF222,64000,0.13,3.6,55680,0.15,32,55000,Kimia Farma - Apotek,Makassar,Sulawesi Selatan,4,"Anti-inflammatory and antirheumatic products, non-steroids, Acetic acid derivatives and related substances"
TRX6486164,9/22/2022,Andrew Morales,KF222,64000,0.13,4.2,55680,0.15,32,14799,Kimia Farma - Apotek,Ambon,Maluku,4.6,"Anti-inflammatory and antirheumatic products, non-steroids, Acetic acid derivatives and related substances"
TRX3769323,5/27/2021,Christine King,KF222,64000,0.13,3.8,55680,0.15,32,49726,Kimia Farma - Apotek,Jayapura,Papua,4.9,"Anti-inflammatory and antirheumatic products, non-steroids, Acetic acid derivatives and related substances"
TRX7876973,3/16/2021,Amanda Sullivan,KF222,64000,0.13,3.5,55680,0.15,32,14773,Kimia Farma - Apotek,Bekasi,Jawa Barat,4.7,"Anti-inflammatory and antirheumatic products, non-steroids, Acetic acid derivatives and related substances"
TRX1319762,2/13/2020,Ashley Hardy,KF222,64000,0.13,4.4,55680,0.15,32,17138,Kimia Farma - Apotek,Makassar,Sulawesi Selatan,3.9,"Anti-inflammatory and antirheumatic products, non-steroids, Acetic acid derivatives and related substances"
TRX6958426,9/1/2022,Donald Thomas,KF222,64000,0.13,4.4,55680,0.15,32,82564,Kimia Farma - Apotek,Palembang,Sumatera Selatan,4.2,"Anti-inflammatory and antirheumatic products, non-steroids, Acetic acid derivatives and related substances"
TRX3899153,12/27/2023,Erika Hart,KF222,64000,0.13,3.8,55680,0.15,32,14799,Kimia Farma - Apotek,Ambon,Maluku,4.6,"Anti-inflammatory and antirheumatic products, non-steroids, Acetic acid derivatives and related substances"
TRX7143049,2/1/2023,Andrew Horn,KF222,64000,0.13,3.8,55680,0.15,32,26025,Kimia Farma - Apotek,Kotamobagu,Sulawesi Utara,4.8,"Anti-inflammatory and antirheumatic products, non-steroids, Acetic acid derivatives and related substances"
TRX6269432,3/10/2020,Donna Steele,KF222,64000,0.13,4.3,55680,0.15,32,57562,Kimia Farma - Apotek,Probolinggo,Jawa Timur,5,"Anti-inflammatory and antirheumatic products, non-steroids, Acetic acid derivatives and related substances"
TRX9630571,1/9/2022,Kelly Hendrix,KF222,64000,0.13,3.6,55680,0.15,32,12406,Kimia Farma - Apotek,Bitung,Sulawesi Utara,4.2,"Anti-inflammatory and antirheumatic products, non-steroids, Acetic acid derivatives and related substances"
TRX6907210,9/23/2023,Carl Yates,KF222,64000,0.13,3.3,55680,0.15,32,56877,Kimia Farma - Apotek,Subang,Jawa Barat,4.9,"Anti-inflammatory and antirheumatic products, non-steroids, Acetic acid derivatives and related substances"
TRX5320143,9/16/2022,Heather Ray,KF222,64000,0.13,4.9,55680,0.15,32,99735,Kimia Farma - Apotek,Banda Aceh,Aceh,4.1,"Anti-inflammatory and antirheumatic products, non-steroids, Acetic acid derivatives and related substances"
TRX8683264,10/19/2023,Brandon Perez,KF222,64000,0.13,4.5,55680,0.15,32,99442,Kimia Farma - Apotek,Cikampek,Jawa Barat,4.9,"Anti-inflammatory and antirheumatic products, non-steroids, Acetic acid derivatives and related substances"
TRX4946967,7/28/2023,Michaela Powell,KF222,64000,0.13,3.1,55680,0.15,32,66421,Kimia Farma - Apotek,Balikpapan,Kalimantan Timur,5,"Anti-inflammatory and antirheumatic products, non-steroids, Acetic acid derivatives and related substances"
TRX7219652,1/28/2021,Katherine Perez,KF222,64000,0.13,4.1,55680,0.15,32,87583,Kimia Farma - Apotek,Surabaya,Jawa Timur,4.6,"Anti-inflammatory and antirheumatic products, non-steroids, Acetic acid derivatives and related substances"
TRX9364530,5/30/2022,Brett Fox,KF222,64000,0.13,4.8,55680,0.15,32,57562,Kimia Farma - Apotek,Probolinggo,Jawa Timur,5,"Anti-inflammatory and antirheumatic products, non-steroids, Acetic acid derivatives and related substances"
TRX8542355,6/1/2021,Leslie Robinson DDS,KF222,64000,0.13,4.6,55680,0.15,32,85287,Kimia Farma - Apotek,Sorong,Papua Barat,4.9,"Anti-inflammatory and antirheumatic products, non-steroids, Acetic acid derivatives and related substances"
TRX8316145,10/10/2020,Megan Neal,KF222,64000,0.13,3.5,55680,0.15,32,42820,Kimia Farma - Apotek,Mataram,Nusa Tenggara Barat,4.1,"Anti-inflammatory and antirheumatic products, non-steroids, Acetic acid derivatives and related substances"
TRX7331541,6/4/2021,Jonathan Cuevas,KF222,64000,0.13,4.5,55680,0.15,32,68933,Kimia Farma - Apotek,Bogor,Jawa Barat,4.9,"Anti-inflammatory and antirheumatic products, non-steroids, Acetic acid derivatives and related substances"
TRX9059159,1/27/2023,Jacqueline Wheeler,KF222,64000,0.13,3.3,55680,0.15,32,32463,Kimia Farma - Apotek,Solok,Sumatera Barat,3.9,"Anti-inflammatory and antirheumatic products, non-steroids, Acetic acid derivatives and related substances"
TRX1688815,5/11/2022,Sheila Smith,KF222,64000,0.13,3.2,55680,0.15,32,90334,Kimia Farma - Apotek,Yogyakarta,DI Yogyakarta,4.4,"Anti-inflammatory and antirheumatic products, non-steroids, Acetic acid derivatives and related substances"
TRX6698663,12/28/2021,Lisa Brown,KF222,64000,0.13,4.6,55680,0.15,32,23647,Kimia Farma - Apotek,Semarang,Jawa Tengah,4.6,"Anti-inflammatory and antirheumatic products, non-steroids, Acetic acid derivatives and related substances"
TRX6869810,7/10/2020,Jean Crane,KF222,64000,0.13,4.3,55680,0.15,32,40313,Kimia Farma - Apotek,Tasikmalaya,Jawa Barat,4.8,"Anti-inflammatory and antirheumatic products, non-steroids, Acetic acid derivatives and related substances"
TRX3743353,11/12/2020,Barbara Pearson,KF222,64000,0.13,4.7,55680,0.15,32,31706,Kimia Farma - Apotek,Cirebon,Jawa Barat,4.1,"Anti-inflammatory and antirheumatic products, non-steroids, Acetic acid derivatives and related substances"
TRX8333682,4/11/2021,Jessica Black,KF222,64000,0.13,3.8,55680,0.15,32,31365,Kimia Farma - Apotek,Cirebon,Jawa Barat,4.4,"Anti-inflammatory and antirheumatic products, non-steroids, Acetic acid derivatives and related substances"
TRX9566519,6/28/2023,Melissa Mcdaniel,KF222,64000,0.13,3.2,55680,0.15,32,73969,Kimia Farma - Apotek,Deli Serdang,Sumatera Utara,4.1,"Anti-inflammatory and antirheumatic products, non-steroids, Acetic acid derivatives and related substances"
TRX7068262,4/24/2023,Kathryn Mccoy,KF222,64000,0.13,4.9,55680,0.15,32,40625,Kimia Farma - Apotek,Karawang,Jawa Barat,4.4,"Anti-inflammatory and antirheumatic products, non-steroids, Acetic acid derivatives and related substances"
TRX2265058,4/25/2023,Anthony Taylor,KF222,64000,0.13,4.6,55680,0.15,32,29933,Kimia Farma - Apotek,Sukabumi,Jawa Barat,4.2,"Anti-inflammatory and antirheumatic products, non-steroids, Acetic acid derivatives and related substances"
TRX8866310,10/20/2023,Jessica Dudley DDS,KF222,64000,0.13,4.4,55680,0.15,32,29281,Kimia Farma - Apotek,Banjarmasin,Kalimantan Selatan,4.7,"Anti-inflammatory and antirheumatic products, non-steroids, Acetic acid derivatives and related substances"
TRX4237812,6/1/2023,Mary Yates,KF222,64000,0.13,3.4,55680,0.15,32,98560,Kimia Farma - Apotek,Tanjungpinang,Kepulauan Riau,4.9,"Anti-inflammatory and antirheumatic products, non-steroids, Acetic acid derivatives and related substances"
TRX6116680,4/22/2020,Claudia Duncan,KF222,64000,0.13,4.7,55680,0.15,32,44221,Kimia Farma - Apotek,Garut,Jawa Barat,4,"Anti-inflammatory and antirheumatic products, non-steroids, Acetic acid derivatives and related substances"
TRX3100133,11/20/2022,Dennis Bell,KF222,64000,0.13,4,55680,0.15,32,94165,Kimia Farma - Apotek,Karawang,Jawa Barat,4.6,"Anti-inflammatory and antirheumatic products, non-steroids, Acetic acid derivatives and related substances"
TRX6963274,2/8/2021,Elizabeth Fuller,KF222,64000,0.13,4.5,55680,0.15,32,64080,Kimia Farma - Apotek,Batam,Kepulauan Riau,4.1,"Anti-inflammatory and antirheumatic products, non-steroids, Acetic acid derivatives and related substances"
TRX3593371,9/22/2020,Corey Avery,KF222,64000,0.13,4.7,55680,0.15,32,17476,Kimia Farma - Apotek,Jambi,Jambi,4.5,"Anti-inflammatory and antirheumatic products, non-steroids, Acetic acid derivatives and related substances"
TRX6276537,12/14/2023,Michael May,KF222,64000,0.13,3.3,55680,0.15,32,43614,Kimia Farma - Apotek,Cikampek,Jawa Barat,4.5,"Anti-inflammatory and antirheumatic products, non-steroids, Acetic acid derivatives and related substances"
TRX4268674,6/11/2022,James Gonzalez,KF222,64000,0.13,3.4,55680,0.15,32,89566,Kimia Farma - Apotek,Pariaman,Sumatera Barat,4.4,"Anti-inflammatory and antirheumatic products, non-steroids, Acetic acid derivatives and related substances"
TRX8702769,7/5/2021,Henry Dunlap,KF222,64000,0.13,3.4,55680,0.15,32,34591,Kimia Farma - Apotek,Jayapura,Papua,4.4,"Anti-inflammatory and antirheumatic products, non-steroids, Acetic acid derivatives and related substances"
TRX6710098,10/12/2021,Benjamin Jarvis,KF222,64000,0.13,4.3,55680,0.15,32,58928,Kimia Farma - Apotek,Solok,Sumatera Barat,4,"Anti-inflammatory and antirheumatic products, non-steroids, Acetic acid derivatives and related substances"
TRX4131840,11/14/2022,Eric Mcclain,KF222,64000,0.13,4.6,55680,0.15,32,63815,Kimia Farma - Apotek,Sukabumi,Jawa Barat,4.7,"Anti-inflammatory and antirheumatic products, non-steroids, Acetic acid derivatives and related substances"
TRX4564323,12/9/2022,Ashley Wright,KF222,64000,0.13,3.1,55680,0.15,32,68961,Kimia Farma - Apotek,Balikpapan,Kalimantan Timur,4.7,"Anti-inflammatory and antirheumatic products, non-steroids, Acetic acid derivatives and related substances"
TRX5455298,7/7/2023,Randy James,KF222,64000,0.13,4.7,55680,0.15,32,12560,Kimia Farma - Apotek,Padang Sidempuan,Sumatera Utara,4.4,"Anti-inflammatory and antirheumatic products, non-steroids, Acetic acid derivatives and related substances"
TRX1996613,12/23/2022,Tina Bennett,KF222,64000,0.13,4.2,55680,0.15,32,43614,Kimia Farma - Apotek,Cikampek,Jawa Barat,4.5,"Anti-inflammatory and antirheumatic products, non-steroids, Acetic acid derivatives and related substances"
TRX2743157,11/24/2023,Whitney Walker,KF222,64000,0.13,4.2,55680,0.15,32,61804,Kimia Farma - Apotek,Padang Sidempuan,Sumatera Utara,4.4,"Anti-inflammatory and antirheumatic products, non-steroids, Acetic acid derivatives and related substances"
TRX6659236,2/13/2022,Barbara Gilbert,KF222,64000,0.13,3.9,55680,0.15,32,27583,Kimia Farma - Apotek,Denpasar,Bali,5,"Anti-inflammatory and antirheumatic products, non-steroids, Acetic acid derivatives and related substances"
TRX1307777,11/5/2021,Stacey Bennett,KF222,64000,0.13,4.5,55680,0.15,32,85280,Kimia Farma - Apotek,Banda Aceh,Aceh,4,"Anti-inflammatory and antirheumatic products, non-steroids, Acetic acid derivatives and related substances"
TRX2734280,5/13/2021,Tracy Gilmore,KF222,64000,0.13,3.1,55680,0.15,32,49864,Kimia Farma - Apotek,Banda Aceh,Aceh,4.3,"Anti-inflammatory and antirheumatic products, non-steroids, Acetic acid derivatives and related substances"
TRX7341095,11/14/2021,Paul Bruce,KF222,64000,0.13,3.1,55680,0.15,32,53507,Kimia Farma - Apotek,Cikampek,Jawa Barat,4.5,"Anti-inflammatory and antirheumatic products, non-steroids, Acetic acid derivatives and related substances"
TRX9793762,4/18/2023,James Cain,KF222,64000,0.13,3.6,55680,0.15,32,62707,Kimia Farma - Apotek,Mataram,Nusa Tenggara Barat,5,"Anti-inflammatory and antirheumatic products, non-steroids, Acetic acid derivatives and related substances"
TRX6474353,8/12/2022,Christopher Scott,KF222,64000,0.13,3.8,55680,0.15,32,45422,Kimia Farma - Apotek,Ternate,Maluku Utara,3.9,"Anti-inflammatory and antirheumatic products, non-steroids, Acetic acid derivatives and related substances"
TRX3691999,8/18/2021,Eric Moore,KF222,64000,0.13,3.1,55680,0.15,32,21930,Kimia Farma - Apotek,Solok,Sumatera Barat,4.9,"Anti-inflammatory and antirheumatic products, non-steroids, Acetic acid derivatives and related substances"
TRX5966960,3/27/2020,Kim Davis,KF222,64000,0.13,4.8,55680,0.15,32,85549,Kimia Farma - Apotek,Ciamis,Jawa Barat,4,"Anti-inflammatory and antirheumatic products, non-steroids, Acetic acid derivatives and related substances"
TRX3624511,7/23/2020,Patrick Chavez,KF222,64000,0.13,4.2,55680,0.15,32,35746,Kimia Farma - Apotek,Surabaya,Jawa Timur,4.5,"Anti-inflammatory and antirheumatic products, non-steroids, Acetic acid derivatives and related substances"
TRX1574781,11/26/2020,Jesus Conner,KF222,64000,0.13,3.3,55680,0.15,32,16158,Kimia Farma - Apotek,Subang,Jawa Barat,5,"Anti-inflammatory and antirheumatic products, non-steroids, Acetic acid derivatives and related substances"
TRX3026406,10/7/2020,Calvin Joseph,KF222,64000,0.13,3.4,55680,0.15,32,71378,Kimia Farma - Apotek,Gorontalo,Gorontalo,4.5,"Anti-inflammatory and antirheumatic products, non-steroids, Acetic acid derivatives and related substances"
TRX7254200,8/16/2020,Samuel Orozco,KF222,64000,0.13,3.3,55680,0.15,32,30291,Kimia Farma - Apotek,Manado,Sulawesi Utara,4.9,"Anti-inflammatory and antirheumatic products, non-steroids, Acetic acid derivatives and related substances"
TRX3858250,2/12/2023,Michael Cook,KF222,64000,0.13,4,55680,0.15,32,62707,Kimia Farma - Apotek,Mataram,Nusa Tenggara Barat,5,"Anti-inflammatory and antirheumatic products, non-steroids, Acetic acid derivatives and related substances"
TRX8996171,1/29/2023,Jason Ramirez,KF222,64000,0.13,4.8,55680,0.15,32,69761,Kimia Farma - Apotek,Subang,Jawa Barat,4.9,"Anti-inflammatory and antirheumatic products, non-steroids, Acetic acid derivatives and related substances"
TRX8131634,1/11/2023,Matthew Clarke,KF222,64000,0.13,3.3,55680,0.15,32,49260,Kimia Farma - Apotek,Ambon,Maluku,4.2,"Anti-inflammatory and antirheumatic products, non-steroids, Acetic acid derivatives and related substances"
TRX3472587,2/25/2022,Darrell Edwards,KF222,64000,0.13,3.9,55680,0.15,32,46468,Kimia Farma - Apotek,Bima,Nusa Tenggara Barat,4.7,"Anti-inflammatory and antirheumatic products, non-steroids, Acetic acid derivatives and related substances"
TRX9885967,3/9/2020,Thomas Gonzalez,KF222,64000,0.13,4.3,55680,0.15,32,68908,Kimia Farma - Apotek,Jayapura,Papua,4.5,"Anti-inflammatory and antirheumatic products, non-steroids, Acetic acid derivatives and related substances"
TRX5842055,4/3/2023,Melissa Cole,KF222,64000,0.13,3.3,55680,0.15,32,49726,Kimia Farma - Apotek,Jayapura,Papua,4.9,"Anti-inflammatory and antirheumatic products, non-steroids, Acetic acid derivatives and related substances"
TRX6022498,11/11/2022,Heather Frey,KF222,64000,0.13,4.4,55680,0.15,32,39578,Kimia Farma - Apotek,Ambon,Maluku,4.7,"Anti-inflammatory and antirheumatic products, non-steroids, Acetic acid derivatives and related substances"
TRX2205697,1/16/2021,Jerry Stephenson,KF222,64000,0.13,3.7,55680,0.15,32,90692,Kimia Farma - Apotek,Denpasar,Bali,3.9,"Anti-inflammatory and antirheumatic products, non-steroids, Acetic acid derivatives and related substances"
TRX8818382,6/26/2023,Nicholas Lewis,KF299,52000,0.09,3.9,47320,0.1,52,51463,Kimia Farma - Apotek,Ternate,Maluku Utara,4.4,"Psycholeptics drugs, Hypnotics and sedatives drugs"
TRX9642493,4/7/2022,Sandra Lewis,KF299,52000,0.09,3.2,47320,0.1,52,62707,Kimia Farma - Apotek,Mataram,Nusa Tenggara Barat,5,"Psycholeptics drugs, Hypnotics and sedatives drugs"
TRX7105142,11/30/2022,Jordan Young,KF299,52000,0.09,4,47320,0.1,52,49927,Kimia Farma - Apotek,Surabaya,Jawa Timur,4.1,"Psycholeptics drugs, Hypnotics and sedatives drugs"
TRX7931867,1/16/2022,Eric Martin,KF299,52000,0.09,3.3,47320,0.1,52,66717,Kimia Farma - Apotek,Subang,Jawa Barat,4.2,"Psycholeptics drugs, Hypnotics and sedatives drugs"
TRX5513129,12/31/2022,Dean Cantu,KF299,52000,0.09,3.1,47320,0.1,52,54200,Kimia Farma - Apotek,Purwakarta,Jawa Barat,3.9,"Psycholeptics drugs, Hypnotics and sedatives drugs"
TRX1002769,2/12/2023,Dr. David Brady,KF299,52000,0.09,3.4,47320,0.1,52,56918,Kimia Farma - Apotek,Purwakarta,Jawa Barat,3.9,"Psycholeptics drugs, Hypnotics and sedatives drugs"
TRX7314556,3/17/2021,Meghan Boone,KF299,52000,0.09,3.6,47320,0.1,52,37012,Kimia Farma - Apotek,Bandung,Jawa Barat,4.8,"Psycholeptics drugs, Hypnotics and sedatives drugs"
TRX5379657,5/7/2023,Nathan Griffin,KF299,52000,0.09,4.4,47320,0.1,52,30247,Kimia Farma - Apotek,Pariaman,Sumatera Barat,4,"Psycholeptics drugs, Hypnotics and sedatives drugs"
TRX5983113,6/16/2023,Darrell Davis,KF299,52000,0.09,3.1,47320,0.1,52,37402,Kimia Farma - Apotek,Bekasi,Jawa Barat,3.9,"Psycholeptics drugs, Hypnotics and sedatives drugs"
TRX1169229,9/5/2022,Alan Acosta,KF299,52000,0.09,4.7,47320,0.1,52,61007,Kimia Farma - Apotek,Purwakarta,Jawa Barat,4,"Psycholeptics drugs, Hypnotics and sedatives drugs"
TRX3277585,1/24/2022,Justin Smith,KF299,52000,0.09,4.5,47320,0.1,52,94518,Kimia Farma - Apotek,Tomohon,Sulawesi Utara,4.6,"Psycholeptics drugs, Hypnotics and sedatives drugs"
TRX5074886,12/28/2020,Danielle Mcgee,KF299,52000,0.09,3.1,47320,0.1,52,32325,Kimia Farma - Apotek,Bima,Nusa Tenggara Barat,4.4,"Psycholeptics drugs, Hypnotics and sedatives drugs"
TRX5944783,2/9/2021,James Olson,KF299,52000,0.09,3.1,47320,0.1,52,22275,Kimia Farma - Apotek,Ambon,Maluku,4.4,"Psycholeptics drugs, Hypnotics and sedatives drugs"
TRX5568368,4/26/2023,Kelly Morgan,KF299,52000,0.09,4,47320,0.1,52,98300,Kimia Farma - Apotek,Subang,Jawa Barat,4.9,"Psycholeptics drugs, Hypnotics and sedatives drugs"
TRX6665049,8/11/2020,Joseph Fischer,KF299,52000,0.09,3,47320,0.1,52,28053,Kimia Farma - Apotek,Semarang,Jawa Tengah,4.1,"Psycholeptics drugs, Hypnotics and sedatives drugs"
TRX8434119,4/2/2023,Daniel Romero,KF299,52000,0.09,4.3,47320,0.1,52,59955,Kimia Farma - Apotek,Madiun,Jawa Timur,4.7,"Psycholeptics drugs, Hypnotics and sedatives drugs"
TRX7303059,9/15/2021,Gabrielle Hinton,KF299,52000,0.09,3.1,47320,0.1,52,31365,Kimia Farma - Apotek,Cirebon,Jawa Barat,4.4,"Psycholeptics drugs, Hypnotics and sedatives drugs"
TRX9855769,8/28/2023,Regina Greene,KF299,52000,0.09,4.2,47320,0.1,52,61835,Kimia Farma - Apotek,Tasikmalaya,Jawa Barat,4.9,"Psycholeptics drugs, Hypnotics and sedatives drugs"
TRX4407671,3/27/2023,Lisa Johnson,KF299,52000,0.09,4.7,47320,0.1,52,22526,Kimia Farma - Apotek,Jambi,Jambi,4.3,"Psycholeptics drugs, Hypnotics and sedatives drugs"
TRX9536706,12/22/2023,Zoe Lin,KF299,52000,0.09,3.1,47320,0.1,52,17275,Kimia Farma - Apotek,Banda Aceh,Aceh,3.9,"Psycholeptics drugs, Hypnotics and sedatives drugs"
TRX5668069,10/27/2023,David Willis,KF299,52000,0.09,3.5,47320,0.1,52,49584,Kimia Farma - Apotek,Padang Sidempuan,Sumatera Utara,4.6,"Psycholeptics drugs, Hypnotics and sedatives drugs"
TRX9460834,9/2/2021,Alyssa Holmes,KF299,52000,0.09,3.2,47320,0.1,52,37995,Kimia Farma - Apotek,Probolinggo,Jawa Timur,4.4,"Psycholeptics drugs, Hypnotics and sedatives drugs"
TRX7159557,4/4/2020,Joseph Nunez,KF299,52000,0.09,4.8,47320,0.1,52,35930,Kimia Farma - Apotek,Tasikmalaya,Jawa Barat,4.1,"Psycholeptics drugs, Hypnotics and sedatives drugs"
TRX2849490,8/13/2022,Jessica Mitchell,KF299,52000,0.09,4.5,47320,0.1,52,21583,Kimia Farma - Apotek,Ciamis,Jawa Barat,4.9,"Psycholeptics drugs, Hypnotics and sedatives drugs"
TRX8815832,9/17/2020,Rick Yates,KF299,52000,0.09,4.1,47320,0.1,52,12802,Kimia Farma - Apotek,Garut,Jawa Barat,4.1,"Psycholeptics drugs, Hypnotics and sedatives drugs"
TRX7145201,2/10/2023,George Figueroa,KF299,52000,0.09,4.1,47320,0.1,52,71355,Kimia Farma - Apotek,Ciamis,Jawa Barat,4.2,"Psycholeptics drugs, Hypnotics and sedatives drugs"
TRX1564250,5/26/2023,Norman Ward,KF299,52000,0.09,5,47320,0.1,52,34844,Kimia Farma - Apotek,Lubuklinggau,Sumatera Selatan,4.1,"Psycholeptics drugs, Hypnotics and sedatives drugs"
TRX8726287,6/8/2022,Nancy Walter,KF299,52000,0.09,4.7,47320,0.1,52,80343,Kimia Farma - Apotek,Jakarta,DKI Jakarta,4.5,"Psycholeptics drugs, Hypnotics and sedatives drugs"
TRX5296176,2/9/2020,Michael Weber,KF299,52000,0.09,3.5,47320,0.1,52,80412,Kimia Farma - Apotek,Bekasi,Jawa Barat,4.8,"Psycholeptics drugs, Hypnotics and sedatives drugs"
TRX5399119,5/10/2021,Samuel Hampton,KF299,52000,0.09,3.6,47320,0.1,52,12056,Kimia Farma - Apotek,Pariaman,Sumatera Barat,4.5,"Psycholeptics drugs, Hypnotics and sedatives drugs"
TRX1454789,1/10/2022,Paul Patel,KF299,52000,0.09,3.4,47320,0.1,52,60036,Kimia Farma - Apotek,Batam,Kepulauan Riau,4.9,"Psycholeptics drugs, Hypnotics and sedatives drugs"
TRX1862819,3/12/2020,Angela James,KF299,52000,0.09,3.9,47320,0.1,52,32325,Kimia Farma - Apotek,Bima,Nusa Tenggara Barat,4.4,"Psycholeptics drugs, Hypnotics and sedatives drugs"
TRX6847959,9/8/2020,Kelly Sullivan,KF299,52000,0.09,3.7,47320,0.1,52,13089,Kimia Farma - Apotek,Subang,Jawa Barat,4.1,"Psycholeptics drugs, Hypnotics and sedatives drugs"
TRX6795934,9/26/2020,Lori Hill,KF299,52000,0.09,3.3,47320,0.1,52,32332,Kimia Farma - Apotek,Malang,Jawa Timur,4.1,"Psycholeptics drugs, Hypnotics and sedatives drugs"
TRX6049278,5/4/2022,Cindy Padilla,KF299,52000,0.09,3,47320,0.1,52,39578,Kimia Farma - Apotek,Ambon,Maluku,4.7,"Psycholeptics drugs, Hypnotics and sedatives drugs"
TRX8947400,5/29/2021,Alyssa Dorsey,KF299,52000,0.09,4.2,47320,0.1,52,87938,Kimia Farma - Apotek,Samarinda,Kalimantan Timur,4.5,"Psycholeptics drugs, Hypnotics and sedatives drugs"
TRX7553619,10/31/2023,Sharon Bennett,KF299,52000,0.09,4.1,47320,0.1,52,37012,Kimia Farma - Apotek,Bandung,Jawa Barat,4.8,"Psycholeptics drugs, Hypnotics and sedatives drugs"
TRX4606747,2/7/2020,Samantha Johnson,KF299,52000,0.09,3.8,47320,0.1,52,17138,Kimia Farma - Apotek,Makassar,Sulawesi Selatan,3.9,"Psycholeptics drugs, Hypnotics and sedatives drugs"
TRX8831422,6/10/2023,Linda Jackson,KF299,52000,0.09,3.8,47320,0.1,52,87938,Kimia Farma - Apotek,Samarinda,Kalimantan Timur,4.5,"Psycholeptics drugs, Hypnotics and sedatives drugs"
TRX4600134,10/16/2021,Carrie Miller,KF299,52000,0.09,3.2,47320,0.1,52,50288,Kimia Farma - Apotek,Ternate,Maluku Utara,4.4,"Psycholeptics drugs, Hypnotics and sedatives drugs"
TRX2930810,11/13/2022,Ashley Jackson,KF299,52000,0.09,4.6,47320,0.1,52,60036,Kimia Farma - Apotek,Batam,Kepulauan Riau,4.9,"Psycholeptics drugs, Hypnotics and sedatives drugs"
TRX7127438,3/31/2023,Jeremiah Molina,KF299,52000,0.09,3.8,47320,0.1,52,21247,Kimia Farma - Apotek,Karawang,Jawa Barat,4.7,"Psycholeptics drugs, Hypnotics and sedatives drugs"
TRX1039838,12/3/2023,Timothy Griffin,KF299,52000,0.09,4.9,47320,0.1,52,40313,Kimia Farma - Apotek,Tasikmalaya,Jawa Barat,4.8,"Psycholeptics drugs, Hypnotics and sedatives drugs"
TRX8640279,4/10/2020,Valerie Knapp,KF299,52000,0.09,4.3,47320,0.1,52,54200,Kimia Farma - Apotek,Purwakarta,Jawa Barat,3.9,"Psycholeptics drugs, Hypnotics and sedatives drugs"
TRX1846199,10/25/2022,Darrell Bean,KF299,52000,0.09,3.8,47320,0.1,52,30203,Kimia Farma - Apotek,Pematangsiantar,Sumatera Utara,4.8,"Psycholeptics drugs, Hypnotics and sedatives drugs"
TRX1682810,2/1/2021,Cody Morales,KF299,52000,0.09,3.9,47320,0.1,52,22494,Kimia Farma - Apotek,Cianjur,Jawa Barat,4.2,"Psycholeptics drugs, Hypnotics and sedatives drugs"
TRX3129125,5/2/2020,Kristina Hunter,KF299,52000,0.09,4.4,47320,0.1,52,96720,Kimia Farma - Apotek,Palangkaraya,Kalimantan Tengah,4,"Psycholeptics drugs, Hypnotics and sedatives drugs"
TRX2250831,11/7/2022,Samantha Ruiz,KF299,52000,0.09,4.7,47320,0.1,52,34844,Kimia Farma - Apotek,Lubuklinggau,Sumatera Selatan,4.1,"Psycholeptics drugs, Hypnotics and sedatives drugs"
TRX8190755,10/12/2020,Kyle Silva,KF299,52000,0.09,3.4,47320,0.1,52,29460,Kimia Farma - Apotek,Ciamis,Jawa Barat,4.5,"Psycholeptics drugs, Hypnotics and sedatives drugs"
TRX2428223,12/8/2023,Ellen Carter,KF299,52000,0.09,4.9,47320,0.1,52,46902,Kimia Farma - Apotek,Cirebon,Jawa Barat,4,"Psycholeptics drugs, Hypnotics and sedatives drugs"
TRX4702822,5/26/2022,Mary Lutz,KF299,52000,0.09,3.4,47320,0.1,52,13345,Kimia Farma - Apotek,Indramayu,Jawa Barat,4.8,"Psycholeptics drugs, Hypnotics and sedatives drugs"
TRX6502162,7/3/2021,Lacey Foster,KF299,52000,0.09,4.8,47320,0.1,52,72693,Kimia Farma - Apotek,Jakarta,DKI Jakarta,4.7,"Psycholeptics drugs, Hypnotics and sedatives drugs"
TRX4953762,9/9/2021,Rebecca Schneider,KF299,52000,0.09,3.7,47320,0.1,52,49403,Kimia Farma - Apotek,Kuningan,Jawa Barat,3.9,"Psycholeptics drugs, Hypnotics and sedatives drugs"
TRX3245173,6/2/2023,Louis Whitaker,KF299,52000,0.09,4.1,47320,0.1,52,17138,Kimia Farma - Apotek,Makassar,Sulawesi Selatan,3.9,"Psycholeptics drugs, Hypnotics and sedatives drugs"
TRX7183390,2/22/2020,Yvonne Hubbard,KF299,52000,0.09,4.2,47320,0.1,52,58219,Kimia Farma - Apotek,Magelang,Jawa Tengah,4.3,"Psycholeptics drugs, Hypnotics and sedatives drugs"
TRX8391084,4/3/2023,George Lopez,KF299,52000,0.09,3.1,47320,0.1,52,82380,Kimia Farma - Apotek,Solok,Sumatera Barat,4.4,"Psycholeptics drugs, Hypnotics and sedatives drugs"
TRX3758140,4/30/2021,Michael Jones,KF299,52000,0.09,3.7,47320,0.1,52,42922,Kimia Farma - Apotek,Palangkaraya,Kalimantan Tengah,4.1,"Psycholeptics drugs, Hypnotics and sedatives drugs"
TRX7980712,4/5/2022,Michelle Foster DDS,KF299,52000,0.09,3.4,47320,0.1,52,70595,Kimia Farma - Apotek,Garut,Jawa Barat,4.9,"Psycholeptics drugs, Hypnotics and sedatives drugs"
TRX2546902,10/20/2021,Ashley Bowman,KF299,52000,0.09,3.3,47320,0.1,52,67860,Kimia Farma - Apotek,Bontang,Kalimantan Timur,4.3,"Psycholeptics drugs, Hypnotics and sedatives drugs"
TRX1917264,4/15/2021,Thomas Smith,KF299,52000,0.09,3.7,47320,0.1,52,62707,Kimia Farma - Apotek,Mataram,Nusa Tenggara Barat,5,"Psycholeptics drugs, Hypnotics and sedatives drugs"
TRX3826868,3/21/2022,Nathan Johnson,KF299,52000,0.09,4.6,47320,0.1,52,14798,Kimia Farma - Apotek,Deli Serdang,Sumatera Utara,4.4,"Psycholeptics drugs, Hypnotics and sedatives drugs"
TRX5915030,3/22/2022,Janice Klein,KF299,52000,0.09,4.6,47320,0.1,52,34490,Kimia Farma - Apotek,Tarakan,Kalimantan Utara,4.3,"Psycholeptics drugs, Hypnotics and sedatives drugs"
TRX9397755,4/14/2023,Erica Williams,KF299,52000,0.09,3.2,47320,0.1,52,95971,Kimia Farma - Apotek,Banjarmasin,Kalimantan Selatan,4.2,"Psycholeptics drugs, Hypnotics and sedatives drugs"
TRX8779455,1/25/2022,Sierra Kelly,KF299,52000,0.09,3.3,47320,0.1,52,92899,Kimia Farma - Apotek,Dumai,Riau,4.7,"Psycholeptics drugs, Hypnotics and sedatives drugs"
TRX7007703,5/4/2020,Sarah Flores,KF299,52000,0.09,4.8,47320,0.1,52,63103,Kimia Farma - Apotek,Pematangsiantar,Sumatera Utara,5,"Psycholeptics drugs, Hypnotics and sedatives drugs"
TRX6808693,5/12/2022,April Perez,KF299,52000,0.09,3.2,47320,0.1,52,94753,Kimia Farma - Apotek,Pontianak,Kalimantan Barat,4.2,"Psycholeptics drugs, Hypnotics and sedatives drugs"
TRX1742697,5/6/2022,Raven Small,KF299,52000,0.09,4.1,47320,0.1,52,48997,Kimia Farma - Apotek,Padang,Sumatera Barat,4.2,"Psycholeptics drugs, Hypnotics and sedatives drugs"
TRX1185991,11/9/2023,Emily Stuart,KF299,52000,0.09,3,47320,0.1,52,62707,Kimia Farma - Apotek,Mataram,Nusa Tenggara Barat,5,"Psycholeptics drugs, Hypnotics and sedatives drugs"
TRX6938395,1/25/2022,Heather Rocha,KF299,52000,0.09,3.7,47320,0.1,52,58354,Kimia Farma - Apotek,Bitung,Sulawesi Utara,4.2,"Psycholeptics drugs, Hypnotics and sedatives drugs"
TRX3484561,11/19/2021,Christina Williamson,KF299,52000,0.09,4.8,47320,0.1,52,86446,Kimia Farma - Apotek,Bitung,Sulawesi Utara,4.1,"Psycholeptics drugs, Hypnotics and sedatives drugs"
TRX1071820,10/20/2020,Gene Diaz,KF299,52000,0.09,3.3,47320,0.1,52,89840,Kimia Farma - Apotek,Makassar,Sulawesi Selatan,4.9,"Psycholeptics drugs, Hypnotics and sedatives drugs"
TRX7219966,7/30/2020,Veronica Bush,KF299,52000,0.09,4.4,47320,0.1,52,50288,Kimia Farma - Apotek,Ternate,Maluku Utara,4.4,"Psycholeptics drugs, Hypnotics and sedatives drugs"
TRX7121108,10/25/2020,Scott Jimenez,KF299,52000,0.09,3.7,47320,0.1,52,39578,Kimia Farma - Apotek,Ambon,Maluku,4.7,"Psycholeptics drugs, Hypnotics and sedatives drugs"
TRX8686144,2/12/2021,Charles Bradshaw,KF299,52000,0.09,3.3,47320,0.1,52,50014,Kimia Farma - Apotek,Malang,Jawa Timur,4.4,"Psycholeptics drugs, Hypnotics and sedatives drugs"
TRX2580834,9/29/2020,Brian Barajas,KF299,52000,0.09,3.6,47320,0.1,52,25090,Kimia Farma - Apotek,Sukabumi,Jawa Barat,4.1,"Psycholeptics drugs, Hypnotics and sedatives drugs"
TRX1423677,1/12/2022,Margaret Wade,KF299,52000,0.09,3.9,47320,0.1,52,56918,Kimia Farma - Apotek,Purwakarta,Jawa Barat,3.9,"Psycholeptics drugs, Hypnotics and sedatives drugs"
TRX6055704,3/24/2022,Lori Garcia,KF299,52000,0.09,4.7,47320,0.1,52,96742,Kimia Farma - Apotek,Garut,Jawa Barat,4.4,"Psycholeptics drugs, Hypnotics and sedatives drugs"
TRX1565953,3/8/2022,Bryan Hall,KF299,52000,0.09,4.4,47320,0.1,52,83589,Kimia Farma - Apotek,Cianjur,Jawa Barat,4.6,"Psycholeptics drugs, Hypnotics and sedatives drugs"
TRX3062497,2/15/2022,Crystal Robinson,KF299,52000,0.09,4.7,47320,0.1,52,33816,Kimia Farma - Apotek,Kendari,Sulawesi Tenggara,4,"Psycholeptics drugs, Hypnotics and sedatives drugs"
TRX6405081,7/12/2022,Cynthia Kent,KF299,52000,0.09,3.1,47320,0.1,52,41081,Kimia Farma - Apotek,Pekanbaru,Riau,4.2,"Psycholeptics drugs, Hypnotics and sedatives drugs"
TRX6763292,1/15/2021,Tina Hardy,KF299,52000,0.09,5,47320,0.1,52,70985,Kimia Farma - Apotek,Manado,Sulawesi Utara,4.3,"Psycholeptics drugs, Hypnotics and sedatives drugs"
TRX2304837,9/28/2020,Hailey Walton,KF299,52000,0.09,4.7,47320,0.1,52,66153,Kimia Farma - Apotek,Solok,Sumatera Barat,4.9,"Psycholeptics drugs, Hypnotics and sedatives drugs"
TRX5029016,2/19/2023,Andrew Smith,KF299,52000,0.09,3.5,47320,0.1,52,47344,Kimia Farma - Apotek,Tanjungpinang,Kepulauan Riau,4.9,"Psycholeptics drugs, Hypnotics and sedatives drugs"
TRX2890741,1/27/2022,Melanie Garcia,KF299,52000,0.09,3.5,47320,0.1,52,68313,Kimia Farma - Apotek,Palembang,Sumatera Selatan,4.8,"Psycholeptics drugs, Hypnotics and sedatives drugs"
TRX3289286,7/13/2023,Lisa Lee,KF299,52000,0.09,4.4,47320,0.1,52,96304,Kimia Farma - Apotek,Banjarmasin,Kalimantan Selatan,4.8,"Psycholeptics drugs, Hypnotics and sedatives drugs"
TRX4534175,10/30/2022,Louis Duke,KF299,52000,0.09,3.2,47320,0.1,52,80557,Kimia Farma - Apotek,Pariaman,Sumatera Barat,4,"Psycholeptics drugs, Hypnotics and sedatives drugs"
TRX2718298,3/7/2022,John Scott,KF299,52000,0.09,4.6,47320,0.1,52,92261,Kimia Farma - Apotek,Subang,Jawa Barat,4.6,"Psycholeptics drugs, Hypnotics and sedatives drugs"
TRX5685608,10/17/2021,Aaron Jenkins,KF299,52000,0.09,3.4,47320,0.1,52,69060,Kimia Farma - Apotek,Ciamis,Jawa Barat,4.4,"Psycholeptics drugs, Hypnotics and sedatives drugs"